-- Active: 1688492642338@@127.0.0.1@3306@drgbinia_sirge4
DROP TABLE IF EXISTS tb_crianzas;
CREATE TABLE IF NOT EXISTS tb_crianzas (
    `id` INT PRIMARY key NOT NULL AUTO_INCREMENT COMMENT 'IDENTIFICADOR DE ID',
    `crianza` VARCHAR(30) CHARACTER SET utf8 COMMENT'NOMBRE DE LA CRIANZA',
    `status` TINYINT DEFAULT 1 COMMENT'1 AVTIVO, 0 ELIMINADO'
) COMMENT 'TABLA PRINCIPAL DE LAS CRIANZAS DE LA DIVERSIDAD DE CRIANZA';
INSERT INTO tb_crianzas VALUES (1,'Cuy',1),
	(2,'Conejo',1),
	(3,'Alpaca',1),
	(4,'Cabra',1),
	(5,'Llama',1),
	(6,'Vaca',1),
	(7,'Oveja',1),
	(8,'Cerdo',1),
	(9,'Pato',1),
	(10,'Gallina',1),
	(11,'Equinos',1),
	(12,'Ovinos',1),
	(13,'Caballo',1),
	(14,'Mula',1),
	(15,'Burro',1),
	(16,'Cuyes',1),
	(17,'Pavo',1),
	(18,'Ganzo',1),
	(19,'Perro',1),
	(20,'Gato',1),
	(21,'Vicuña',1);

-- -- nombres comunes
-- INSERT INTO tb_nombres_comunes VALUES (362,'Cuy',2,1),
-- 	(363,'Conejo',2,1),
-- 	(364,'Alpaca',2,1),
-- 	(365,'Cabra',2,1),
-- 	(366,'Llama',2,1),
-- 	(367,'Vaca',2,1),
-- 	(368,'Oveja',2,1),
-- 	(369,'Cerdo',2,1),
-- 	(370,'Pato',2,1),
-- 	(371,'Gallina',2,1),
-- 	(372,'Caballo',2,1),
-- 	(373,'Burro',2,1),
-- 	(374,'Ovinos',2,1),
-- 	(375,'Mula',2,1),
-- 	(376,'Cuyes',2,1),
-- 	(377,'Pavo',2,1),
-- 	(378,'Ganzo',2,1),
-- 	(379,'Perro',2,1),
-- 	(380,'Gato',2,1),
-- 	(381,'Vicuña',2,1);

-- diversidad crianzas
drop table if exists tb_diversidad_crianzas;
CREATE TABLE IF NOT EXISTS tb_diversidad_crianzas (
    `id` INT NOT NULL PRIMARY KEY AUTO_INCREMENT,
    `tb_crianza_id` INT,
    `tb_nombres_comunes_id` INT,
    `tb_raza_id` INT,
    `nombre_local` VARCHAR(50) CHARACTER SET utf8,
    `tb_nombres_cientificos_id` INT,
    `tb_familias_id` INT,
    `observacion` VARCHAR(300),
    `tb_centro_poblado_id` INT,
    `tb_zabd_id` INT,
    `status` TINYINT DEFAULT 1
) COMMENT'TABLA PRINCIPAL DE DIVERSIDAD DE CRIANZA';
INSERT INTO tb_diversidad_crianzas VALUES (1,1,362,1,'Inti',NULL,NULL,NULL,NULL,2,1),
	(2,1,362,2,'Peruana',NULL,NULL,NULL,NULL,2,1),
	(3,1,362,3,'Chaska',NULL,NULL,NULL,NULL,2,1),
	(4,1,362,4,'Andina',NULL,NULL,NULL,NULL,2,1),
	(5,2,363,5,'Castilla  conejo',NULL,NULL,NULL,NULL,2,1),
	(6,3,364,6,'Alapaca (huakayo)',NULL,NULL,NULL,NULL,2,1),
	(7,3,364,7,'Alapaca (Zuri)',NULL,NULL,NULL,NULL,2,1),
	(8,4,365,8,'Cabra',NULL,NULL,NULL,NULL,2,1),
	(9,5,366,9,'llama Jara',NULL,NULL,NULL,NULL,2,1),
	(10,5,366,10,'llama Ch''aku',NULL,NULL,NULL,NULL,2,1),
	(11,6,367,11,'Criolla',NULL,NULL,NULL,NULL,2,1),
	(12,6,367,12,'Brown Swis',NULL,NULL,NULL,NULL,2,1),
	(13,6,367,13,'Holstein',NULL,NULL,NULL,NULL,2,1),
	(14,7,368,14,'Cara negra',NULL,NULL,NULL,NULL,2,1),
	(15,7,368,15,'Alcalde',NULL,NULL,NULL,NULL,2,1),
	(16,7,368,16,'Merino',NULL,NULL,NULL,NULL,2,1),
	(17,7,368,17,'Khunpa',NULL,NULL,NULL,NULL,2,1),
	(18,8,369,18,'Criollo',NULL,NULL,NULL,NULL,2,1),
	(19,9,370,19,'Pato común',NULL,NULL,NULL,NULL,2,1),
	(20,9,370,20,'Pekin',NULL,NULL,NULL,NULL,2,1),
	(21,9,370,21,'Ganzo',NULL,NULL,NULL,NULL,2,1),
	(22,10,371,22,'Karakunka',NULL,NULL,NULL,NULL,2,1),
	(23,10,371,23,'Wallpa',NULL,NULL,NULL,NULL,2,1),
	(24,11,372,24,'Caballo',NULL,NULL,NULL,NULL,2,1),
	(25,11,373,25,'Burro',NULL,NULL,NULL,NULL,2,1),
	(26,6,367,26,'Vaca',296,62,NULL,NULL,5,1),
	(27,6,367,27,'Vaca',296,62,NULL,NULL,5,1),
	(28,6,367,28,'Vaca',296,62,NULL,NULL,5,1),
	(29,12,374,29,'Ovinos',297,62,NULL,NULL,5,1),
	(30,12,374,30,'Ovinos',297,62,NULL,NULL,5,1),
	(31,3,364,NULL,'Alpaca',298,63,NULL,NULL,5,1),
	(32,5,366,NULL,'Llama',299,63,NULL,NULL,5,1),
	(33,13,372,NULL,'Caballo',300,64,NULL,NULL,5,1),
	(34,14,375,NULL,'Mula',301,64,NULL,NULL,5,1),
	(35,15,373,NULL,'Burro',302,64,NULL,NULL,5,1),
	(36,8,369,NULL,'Cerdo',303,65,NULL,NULL,5,1),
	(37,4,365,NULL,'Cabra',304,62,NULL,NULL,5,1),
	(38,16,376,NULL,'Cuyes',305,66,NULL,NULL,5,1),
	(39,2,363,NULL,'Conejo',306,67,NULL,NULL,5,1),
	(40,10,371,NULL,'Gallina',307,68,NULL,NULL,5,1),
	(41,17,377,NULL,'Pavo',308,68,NULL,NULL,5,1),
	(42,9,370,NULL,'Pato',309,69,NULL,NULL,5,1),
	(43,18,378,NULL,'Ganzo',310,69,NULL,NULL,5,1),
	(44,19,379,NULL,'Perro',311,70,NULL,NULL,5,1),
	(45,20,380,NULL,'Gato',312,71,NULL,NULL,5,1),
	(46,21,381,NULL,'Vicuña',313,63,NULL,NULL,6,1);

-- nombre tb_nombres_cientificos

-- INSERT INTO tb_nombres_cientificos (id,nombre_cientifico,tb_familia_id,tb_tipo_diversidad_id,status) VALUES 
--     (296,'Bos taurus Linnaeus, 1758',62,2,1),
-- 	(297,'Ovis aries Linneo, 1758',62,2,1),
-- 	(304,'Capra aegagrus hircus, Linnaeus 1758',62,2,1),
-- 	(298,'Vicugna pacos (Linnaeus, 1758)',63,2,1),
-- 	(299,'Lama glama (Linnaeus, 1758)',63,2,1),
-- 	(300,'Equus caballus Linnaeus, 1758',64,2,1),
-- 	(301,'Equus asinus × Equus caballus',64,2,1),
-- 	(302,'Equus asinus Linnaeus, 1758',64,2,1),
-- 	(303,'Sus scrofa subsp. domesticus Linnaeus, 1758',65,2,1),
-- 	(305,'Cavia porcellus (Linnaeus, 1758)',66,2,1),
-- 	(306,'Oryctolagus cuniculus (Linnaeus, 1758)',67,2,1),
-- 	(307,'Gallus gallus f. domesticus',68,2,1),
-- 	(308,'Meleagris gallopavo f. domestica',68,2,1),
-- 	(309,'Anas platyrhynchos f. domesticus',69,2,1),
-- 	(310,'Anser anser (Linnaeus, 1758)',69,2,1),
-- 	(311,'Canis lupus subsp. familiaris Linnaeus, 1758',70,2,1),
-- 	(312,'Felis catus Linnaeus, 1758',71,2,1),
-- 	(313,'Vicugna vicugna (Molina, 1782)',63,2,1);

-- tb_familias crianza

-- INSERT INTO tb_familias (id, familia,tb_tipo_diversidad_id,status)
--     VALUES
--     (62,'Bovidae',2,1),
-- 	(63,'Camelidae',2,1),
-- 	(64,'Equidae',2,1),
-- 	(65,'Suidae',2,1),
-- 	(66,'Caviidae',2,1),
-- 	(67,'Leporidae',2,1),
-- 	(68,'Phasianidae',2,1),
-- 	(69,'Anatidae',2,1),
-- 	(70,'Canidae',2,1),
-- 	(71,'Felidae',2,1);

    -- razas
    drop table if EXISTS tb_razas;
CREATE TABLE IF NOT EXISTS `tb_razas` (
  `id` int(11) PRIMARY KEY NOT NULL AUTO_INCREMENT COMMENT 'ID DE INDENTIFICACION',
  `raza` varchar(50) DEFAULT NULL COMMENT 'NOMBRE DE LA COMUNIDAD',
  `status` tinyint DEFAULT 1 COMMENT 'ACTIVO/INACTIVO '
);
ALTER TABLE `tb_razas` COMMENT = 'RAZAS ENCONTRADAS EN LA DIVERSIDAD DE CRIANZA';

INSERT INTO `tb_razas` (`id`, `raza`, `status`) VALUES
	('1', 'Inti', '1'),
	('2', 'Peruana', '1'),
	('3', 'Chaska', '1'),
	('4', 'Andina', '1'),
	('5', 'Castilla  conejo', '1'),
	('6', 'Alapaca (huakayo)', '1'),
	('7', 'Alapaca (Zuri)', '1'),
	('8', 'Cabra', '1'),
	('9', 'llama Jara', '1'),
	('10', 'llama Ch\'aku', '1'),
	('11', 'Criolla', '1'),
	('12', 'Brown Swis', '1'),
	('13', 'Holstein', '1'),
	('14', 'Cara negra', '1'),
	('15', 'Alcalde', '1'),
	('16', 'Merino', '1'),
	('17', 'Khunpa', '1'),
	('18', 'Criollo', '1'),
	('19', 'Pato común', '1'),
	('20', 'Pekin', '1'),
	('21', 'Ganzo', '1'),
	('22', 'Karakunka', '1'),
	('23', 'Wallpa', '1'),
	('24', 'Caballo', '1'),
	('25', 'Burro', '1'),
	('26', 'Brown Swiss', '1'),
	('27', 'Simmental', '1'),
	('28', 'Criollas', '1'),
	('29', 'Corriedale', '1'),
	('30', 'Junín', '1');


-- DIVERSIDAD FAUNA
DROP TABLE IF EXISTS tb_clase;
CREATE TABLE IF NOT EXISTS tb_clase (
    `id` INT PRIMARY key not null AUTO_INCREMENT,
    `clase` VARCHAR(14) CHARACTER SET utf8,
    `tb_tipo_diversidad_id` INT,
    `status` TINYINT DEFAULT 1
);
INSERT INTO tb_clase VALUES (1,'Aves',3,1),
	(2,'Amphibia',3,1),
	(3,'Reptilia',3,1),
	(4,'Mammalia',3,1),
	(5,'Insecta',3,1),
	(6,'Arachnida',3,1),
	(7,'Gastropoda',3,1),
	(8,'Chilopoda',3,1),
	(9,'Sauropsida',3,1),
	(10,'Clitellata',3,1),
	(11,'Actinopterygii',3,1),
	(12,'Mamífero',3,1);


-- FAMILIA fauna

-- INSERT INTO tb_familias ( id,familia,tb_tipo_diversidad_id,status) VALUES (72,'Tinamidae',3,1),
-- 	(73,'Anatidae',3,1),
-- 	(74,'Podicipodidae',3,1),
-- 	(75,'Ardeidae',3,1),
-- 	(76,'Accipitridae',3,1),
-- 	(77,'Falconidae',3,1),
-- 	(78,'Threskiornithidae',3,1),
-- 	(79,'Rallidae',3,1),
-- 	(80,'Charadriidae',3,1),
-- 	(81,'Scolopacidae',3,1),
-- 	(82,'Laridae',3,1),
-- 	(83,'Columbidae',3,1),
-- 	(84,'Psittacidade',3,1),
-- 	(85,'Apodidae',3,1),
-- 	(86,'Trochilidae',3,1),
-- 	(87,'Picidae',3,1),
-- 	(88,'Furnariidae',3,1),
-- 	(89,'Tyranidae',3,1),
-- 	(90,'Hirundinidae',3,1),
-- 	(91,'Troglodytidae',3,1),
-- 	(92,'Turdidae',3,1),
-- 	(93,'Thraupidae',3,1),
-- 	(94,'Emberizidae',3,1),
-- 	(95,'Icteridae',3,1),
-- 	(96,'Fringillidae',3,1),
-- 	(97,'Bufonidae',3,1),
-- 	(98,'Ceratophrydae',3,1),
-- 	(99,'Hemiphractidae',3,1),
-- 	(100,'Leiuperidae',3,1),
-- 	(101,'Gymnophthalmidae',3,1),
-- 	(102,'Liolaemidae',3,1),
-- 	(103,'Colubridae',3,1),
-- 	(104,'Leporidae',3,1),
-- 	(105,'Chinchillidae',3,1),
-- 	(106,'Cavidae',3,1),
-- 	(107,'Dyinomidae',3,1),
-- 	(108,'Cricetidae',3,1),
-- 	(109,'Felidae',3,1),
-- 	(110,'Canidae',3,1),
-- 	(111,'Mustelidae',3,1),
-- 	(112,'Mephirtiedae',3,1),
-- 	(113,'Camelidae',3,1),
-- 	(114,'Cervidae',3,1),
-- 	(115,'Apidae',3,1),
-- 	(116,'Arionidae',3,1),
-- 	(117,'Megalopygidae',3,1),
-- 	(118,'Cathartidae',3,1),
-- 	(119,'Blanidae',3,1),
-- 	(120,'Dasyproctidae',3,1),
-- 	(121,'Passeridae',3,1),
-- 	(122,'Grylloidea',3,1),
-- 	(123,'Formicidae',3,1),
-- 	(124,'Lumbricidae',3,1),
-- 	(125,'Lampyridae',3,1),
-- 	(126,'Strigidae',3,1),
-- 	(127,'Psychodidae',3,1),
-- 	(128,'Tachinidae',3,1),
-- 	(129,'Muridae',3,1),
-- 	(130,'Muscicapidae',3,1),
-- 	(131,'Araneae',3,1),
-- 	(132,'Salmonidae',3,1),
-- 	(133,'Phyllostomidae',3,1),
-- 	(134,'Theridiidae',3,1),
-- 	(135,'Culicidae',3,1),
-- 	(136,'Didelphidae',3,1),
-- 	(137,'Mephitidae',3,1),
-- 	(138,'Viperidae',3,1),
-- 	(139,'Myrmecophagidae',3,1),
-- 	(140,'Anhingidae',3,1),
-- 	(141,'Phoenicopteridae',3,1),
-- 	(142,'Caviidae',3,1);

-- nombre cietifico de diversidad de fauna

-- tb_diversidad fauna
drop table if exists tb_diversidad_fauna;
CREATE TABLE IF NOT EXISTS tb_diversidad_fauna (
    `id` INT PRIMARY key not null AUTO_INCREMENT,
    `tb_clase_id` INT,
    `tb_familias_id` INT,
    `tb_nombres_cientificos_id` INT,
    `tb_nombres_comunes_id` INT,
    `nombre_local` VARCHAR(50) CHARACTER SET utf8,
    `observacion` VARCHAR(300) CHARACTER SET utf8,
    `tb_centro_poblado_id` INT,
    `tb_zabd_id` INT,
    `status` TINYINT default 1
);
INSERT INTO tb_diversidad_fauna VALUES (1,1,72,314,382,'Perdiz cordillerana',NULL,16,3,1),
	(2,1,73,315,383,'Pato de la puna',NULL,16,3,1),
	(3,1,73,316,384,'Pato colorado',NULL,16,3,1),
	(4,1,73,317,385,'Pato barcino',NULL,16,3,1),
	(5,1,73,318,386,'Pato jergón',NULL,16,3,1),
	(6,1,73,319,387,'Pato andino',NULL,16,3,1),
	(7,1,74,320,388,'Zambullidor plateado',NULL,16,3,1),
	(8,1,74,322,389,'Zambullidor pimpollo',NULL,16,3,1),
	(9,1,75,323,390,'Garcita bueyera',NULL,16,3,1),
	(10,1,75,324,391,'Garza azul',NULL,16,3,1),
	(11,1,75,325,392,'Huaco común',NULL,16,3,1),
	(12,1,76,326,393,'Aguilucho variable',NULL,16,3,1),
	(13,1,76,327,394,'Gavilán cenizo',NULL,16,3,1),
	(14,1,76,328,395,'Aguilucho pechunegro',NULL,16,3,1),
	(15,1,77,329,396,'Halcon aplomado',NULL,16,3,1),
	(16,1,77,330,397,'Cernicalo americano',NULL,16,3,1),
	(17,1,77,331,398,'Cara cara cordillerano',NULL,16,3,1),
	(18,1,78,332,399,'Ibis de la puna (Yanavico)',NULL,16,3,1),
	(19,1,79,333,400,'Gallareta andina',NULL,16,3,1),
	(20,1,79,334,401,'Polla de agua común',NULL,16,3,1),
	(21,1,80,335,402,'Ave fría andina – Lequecho',NULL,16,3,1),
	(22,1,81,336,403,'Patiamarillo mayor',NULL,16,3,1),
	(23,1,81,337,404,'Patiamarillo menor',NULL,16,3,1),
	(24,1,82,338,405,'Gaviota andina',NULL,16,3,1),
	(25,1,83,339,406,'Paloma domestica',NULL,16,3,1),
	(26,1,83,341,407,'Tortolita moteada',NULL,16,3,1),
	(27,1,83,343,408,'Tortolita de Ala Negra',NULL,16,3,1),
	(28,1,83,344,409,'Paloma plomiza',NULL,16,3,1),
	(29,1,83,345,410,'Tórtola orejuda',NULL,16,3,1),
	(30,1,84,346,411,'Perico andino',NULL,16,3,1),
	(31,1,85,347,412,'Vencejo de collar blanco',NULL,16,3,1),
	(32,1,86,348,413,'Oreja violeta de vientre azul',NULL,16,3,1),
	(33,1,86,350,414,'Colibrí de cola larga verde',NULL,16,3,1),
	(34,1,86,351,415,'Colibrí de cola larga negra',NULL,16,3,1),
	(35,1,86,352,416,'Colibrí Tirio',NULL,16,3,1),
	(36,1,86,353,417,'Montañes barbudo',NULL,16,3,1),
	(37,1,86,354,418,'Estrella andina',NULL,16,3,1),
	(38,1,86,355,419,'Colibrí gigante',NULL,16,3,1),
	(39,1,87,356,420,'Carpintero andino – Jacacho',NULL,16,3,1),
	(40,1,88,357,421,'Canastero cordillerano',NULL,16,3,1),
	(41,1,88,358,422,'Canastero frentirrojizo',NULL,16,3,1),
	(42,1,88,359,423,'Churrete albiblanco',NULL,16,3,1),
	(43,1,88,360,424,'Churrete de ala barrada',NULL,16,3,1),
	(44,1,88,361,425,'Torero',NULL,16,3,1),
	(45,1,89,362,426,'Torito de pico amarillo',NULL,16,3,1),
	(46,1,89,364,427,'Elaenia crestiblanca',NULL,16,3,1),
	(47,1,89,365,428,'Negrito andino',NULL,16,3,1),
	(48,1,89,366,429,'Dormilona Taczanowki',NULL,16,3,1),
	(49,1,89,367,430,'Dormilona chica',NULL,16,3,1),
	(50,1,89,368,431,'Dormilona nuquirrojiza',NULL,16,3,1),
	(51,1,89,369,432,'Pitajo de ceja blanca',NULL,16,3,1),
	(52,1,90,370,433,'Golondrina andina',NULL,16,3,1),
	(53,1,90,371,434,'Golondrina de vientre pardo',NULL,16,3,1),
	(54,1,91,372,435,'Cucarachero común',NULL,16,3,1),
	(55,1,92,373,436,'Zorzal chiguanco',NULL,16,3,1),
	(56,1,93,374,437,'Pico de cono de dorso azul',NULL,16,3,1),
	(57,1,93,375,438,'Pincha flor de garganta negra',NULL,16,3,1),
	(58,1,93,376,439,'Tangara rufa y amarlla',NULL,16,3,1),
	(59,1,93,377,440,'Tangara Azul y amarilla',NULL,16,3,1),
	(60,1,93,378,441,'Azulejo altoandino',NULL,16,3,1),
	(61,1,94,379,442,'Semillero de cola bandeada',NULL,16,3,1),
	(62,1,94,380,443,'Semillero simple',NULL,16,3,1),
	(63,1,94,381,444,'Fringilo de cola bandeada',NULL,16,3,1),
	(64,1,94,382,445,'Fringilo de pecho negro',NULL,16,3,1),
	(65,1,94,383,446,'Fingilo de pecho cenizo',NULL,16,3,1),
	(66,1,94,384,447,'Frigilo peruano',NULL,16,3,1),
	(67,1,94,385,448,'Monterita de pecho castaño',NULL,16,3,1),
	(68,1,94,386,449,'Saltador de pico dorado',NULL,16,3,1),
	(69,1,94,387,450,'Chiringue verdoso',NULL,16,3,1),
	(70,1,94,388,451,'Gorrión de collara rufo',NULL,16,3,1),
	(71,1,95,389,452,'Jilguero negro',NULL,16,3,1),
	(72,1,96,390,453,'Jilguero encapuchado',NULL,16,3,1),
	(97,1,72,314,382,'Perdiz cordillerana',NULL,17,4,1),
	(98,1,73,315,383,'Pato de la puna',NULL,17,4,1),
	(99,1,73,316,384,'Pato colorado',NULL,17,4,1),
	(100,1,73,317,385,'Pato barcino',NULL,17,4,1),
	(101,1,73,318,386,'Pato jergón',NULL,17,4,1),
	(102,1,73,319,387,'Pato andino',NULL,17,4,1),
	(103,1,74,321,388,'Zambullidor plateado',NULL,17,4,1),
	(104,1,74,322,389,'Zambullidor pimpollo',NULL,17,4,1),
	(105,1,75,323,390,'Garcita bueyera',NULL,17,4,1),
	(106,1,75,324,391,'Garza azul',NULL,17,4,1),
	(107,1,75,325,392,'Huaco común',NULL,17,4,1),
	(108,1,76,326,393,'Aguilucho variable',NULL,17,4,1),
	(109,1,76,327,394,'Gavilán cenizo',NULL,17,4,1),
	(110,1,76,328,395,'Aguilucho pechunegro',NULL,17,4,1),
	(111,1,77,329,396,'Halcon aplomado',NULL,17,4,1),
	(112,1,77,330,397,'Cernicalo americano',NULL,17,4,1),
	(113,1,77,331,398,'Cara cara cordillerano',NULL,17,4,1),
	(114,1,78,332,399,'Ibis de la puna (Yanavico)',NULL,17,4,1),
	(115,1,79,333,400,'Gallareta andina',NULL,17,4,1),
	(116,1,79,334,401,'Polla de agua común',NULL,17,4,1),
	(117,1,80,335,402,'Ave fría andina – Lequecho',NULL,17,4,1),
	(118,1,81,336,403,'Patiamarillo mayor',NULL,17,4,1),
	(119,1,81,337,404,'Patiamarillo menor',NULL,17,4,1),
	(120,1,82,338,405,'Gaviota andina',NULL,17,4,1),
	(121,1,83,340,406,'Paloma domestica',NULL,17,4,1),
	(122,1,83,342,407,'Tortolita moteada',NULL,17,4,1),
	(123,1,83,343,408,'Tortolita de Ala Negra',NULL,17,4,1),
	(124,1,83,344,409,'Paloma plomiza',NULL,17,4,1),
	(125,1,83,345,410,'Tórtola orejuda',NULL,17,4,1),
	(126,1,84,346,411,'Perico andino',NULL,17,4,1),
	(127,1,85,347,412,'Vencejo de collar blanco',NULL,17,4,1),
	(128,1,86,349,413,'Oreja violeta de vientre azul',NULL,17,4,1),
	(129,1,86,350,414,'Colibrí de cola larga verde',NULL,17,4,1),
	(130,1,86,351,415,'Colibrí de cola larga negra',NULL,17,4,1),
	(131,1,86,352,416,'Colibrí Tirio',NULL,17,4,1),
	(132,1,86,353,417,'Montañes barbudo',NULL,17,4,1),
	(133,1,86,354,418,'Estrella andina',NULL,17,4,1),
	(134,1,86,355,419,'Colibrí gigante',NULL,17,4,1),
	(135,1,87,356,420,'Carpintero andino – Jacacho',NULL,17,4,1),
	(136,1,88,357,421,'Canastero cordillerano',NULL,17,4,1),
	(137,1,88,358,422,'Canastero frentirrojizo',NULL,17,4,1),
	(138,1,88,359,423,'Churrete albiblanco',NULL,17,4,1),
	(139,1,88,360,424,'Churrete de ala barrada',NULL,17,4,1),
	(140,1,88,361,425,'Torero',NULL,17,4,1),
	(141,1,89,363,426,'Torito de pico amarillo',NULL,17,4,1),
	(142,1,89,364,427,'Elaenia crestiblanca',NULL,17,4,1),
	(143,1,89,365,428,'Negrito andino',NULL,17,4,1),
	(144,1,89,366,429,'Dormilona Taczanowki',NULL,17,4,1),
	(145,1,89,367,430,'Dormilona chica',NULL,17,4,1),
	(146,1,89,368,431,'Dormilona nuquirrojiza',NULL,17,4,1),
	(147,1,89,369,432,'Pitajo de ceja blanca',NULL,17,4,1),
	(148,1,90,370,433,'Golondrina andina',NULL,17,4,1),
	(149,1,90,371,434,'Golondrina de vientre pardo',NULL,17,4,1),
	(150,1,91,372,435,'Cucarachero común',NULL,17,4,1),
	(151,1,92,373,436,'Zorzal chiguanco',NULL,17,4,1),
	(152,1,93,374,437,'Pico de cono de dorso azul',NULL,17,4,1),
	(153,1,93,375,438,'Pincha flor de garganta negra',NULL,17,4,1),
	(155,1,93,377,440,'Tangara Azul y amarilla',NULL,17,4,1),
	(156,1,93,378,441,'Azulejo altoandino',NULL,17,4,1),
	(157,1,94,379,442,'Semillero de cola bandeada',NULL,17,4,1),
	(158,1,94,380,443,'Semillero simple',NULL,17,4,1),
	(159,1,94,381,444,'Fringilo de cola bandeada',NULL,17,4,1),
	(160,1,94,382,445,'Fringilo de pecho negro',NULL,17,4,1),
	(161,1,94,383,446,'Fingilo de pecho cenizo',NULL,17,4,1),
	(154,1,93,376,476,'Tangara rufa y amarilla',NULL,17,4,1),
	(162,1,94,384,447,'Frigilo peruano',NULL,17,4,1),
	(163,1,94,385,448,'Monterita de pecho castaño',NULL,17,4,1),
	(164,1,94,386,449,'Saltador de pico dorado',NULL,17,4,1),
	(165,1,94,387,450,'Chiringue verdoso',NULL,17,4,1),
	(166,1,94,388,451,'Gorrión de collara rufo',NULL,17,4,1),
	(167,1,95,389,452,'Jilguero negro',NULL,17,4,1),
	(168,1,96,390,453,'Jilguero encapuchado',NULL,17,4,1),
	(196,1,76,416,480,'Aguilas',NULL,NULL,5,1),
	(197,1,76,417,481,'Aguilucho',NULL,NULL,5,1),
	(199,1,96,420,483,'Canarios',NULL,NULL,5,1),
	(202,1,77,422,486,'Cernícalo',NULL,NULL,5,1),
	(204,1,NULL,NULL,488,'Colibrí',NULL,NULL,5,1),
	(205,1,118,424,489,'Condor',NULL,NULL,5,1),
	(206,1,92,373,490,'Chihuaco',NULL,NULL,5,1),
	(211,1,82,NULL,495,'Gaviotas',NULL,NULL,5,1),
	(212,1,121,429,496,'Gorriones',NULL,NULL,5,1),
	(213,1,122,NULL,497,'Grillos',NULL,NULL,5,1),
	(214,1,77,430,498,'Halcón',NULL,NULL,5,1),
	(215,1,73,432,499,'Huachuas',NULL,NULL,5,1),
	(217,1,96,433,501,'Jilguero',NULL,NULL,5,1),
	(222,1,126,434,506,'Lechuzas',NULL,NULL,5,1),
	(227,1,83,436,511,'Paloma cuculina',NULL,NULL,5,1),
	(228,1,73,437,512,'Patos',NULL,NULL,5,1),
	(229,1,72,314,513,'Perdíz',NULL,NULL,5,1),
	(230,1,86,438,514,'Picaflor',NULL,NULL,5,1),
	(231,1,87,439,515,'Pitos',NULL,NULL,5,1),
	(235,1,130,442,518,'Ruiseñor',NULL,NULL,5,1),
	(238,1,83,436,521,'Tortola',NULL,NULL,5,1),
	(244,1,78,332,527,'Yanavico',NULL,NULL,5,1),
	(255,1,118,456,537,'Cóndor',NULL,NULL,6,1),
	(256,1,140,457,538,'Patos salvajes',NULL,NULL,6,1),
	(258,1,73,459,540,'Huallata',NULL,NULL,6,1),
	(260,1,77,423,486,'Cernícalo',NULL,NULL,6,1),
	(261,1,77,431,498,'Halcón',NULL,NULL,6,1),
	(265,1,72,449,513,'Perdíz',NULL,NULL,6,1),
	(73,2,97,391,454,'Jamp´atu',NULL,16,3,1),
	(74,2,98,392,455,'K´ayra',NULL,16,3,1),
	(75,2,99,393,456,'Chejlla',NULL,16,3,1),
	(76,2,100,394,457,NULL,NULL,16,3,1),
	(77,3,101,395,458,'Uchuy k´alalywa',NULL,16,3,1),
	(78,3,102,396,459,'K´alaywa',NULL,16,3,1),
	(79,3,102,397,459,'K´alaywa',NULL,16,3,1),
	(80,3,103,398,460,'Machajway',NULL,16,3,1),
	(81,4,104,399,461,'Limacuy',NULL,16,3,1),
	(82,4,105,400,462,'Wiskacha',NULL,16,3,1),
	(83,4,106,401,463,'Poroncoe',NULL,16,3,1),
	(84,4,107,402,464,NULL,NULL,16,3,1),
	(85,4,108,403,465,'H´ukucha',NULL,16,3,1),
	(86,4,109,404,466,'Poroncoe',NULL,16,3,1),
	(87,4,109,405,467,'H´ukucha',NULL,16,3,1),
	(88,4,109,406,468,'Michi',NULL,16,3,1),
	(90,4,110,408,469,'Osq´ollo',NULL,16,3,1),
	(91,4,111,409,470,'Achoqalla',NULL,16,3,1),
	(93,4,112,411,472,'Añas',NULL,16,3,1),
	(94,4,113,412,473,'Wikuña',NULL,16,3,1),
	(95,4,114,413,474,'Taruca',NULL,16,3,1),
	(96,4,114,414,475,'Luychu',NULL,16,3,1),
	(169,2,97,391,454,'Jamp´atu',NULL,17,4,1),
	(170,2,98,392,455,'K´ayra',NULL,17,4,1),
	(171,2,99,393,456,'Chejlla',NULL,17,4,1),
	(172,2,100,394,457,NULL,NULL,17,4,1),
	(173,3,101,395,458,'Uchuy k´alalywa',NULL,17,4,1),
	(174,3,102,396,459,'K´alaywa',NULL,17,4,1),
	(175,3,102,397,459,'K´alaywa',NULL,17,4,1),
	(176,3,103,398,460,'Machajway',NULL,17,4,1),
	(177,4,104,399,461,'Limacuy',NULL,17,4,1),
	(178,4,105,400,462,'Wiskacha',NULL,17,4,1),
	(179,4,106,401,463,'Poroncoe',NULL,17,4,1),
	(180,4,107,402,464,NULL,NULL,17,4,1),
	(181,4,108,403,465,'H´ukucha',NULL,17,4,1),
	(182,4,109,404,466,'Poroncoe',NULL,17,4,1),
	(183,4,109,405,467,'H´ukucha',NULL,17,4,1),
	(184,4,109,406,468,'Michi',NULL,17,4,1),
	(186,4,110,408,469,'Osq´ollo',NULL,17,4,1),
	(187,4,111,409,470,'Achoqalla',NULL,17,4,1),
	(189,4,112,411,472,'Añas',NULL,17,4,1),
	(190,4,113,412,473,'Wikuña',NULL,17,4,1),
	(191,4,114,413,474,'Taruca',NULL,17,4,1),
	(192,4,114,414,475,'Luychu',NULL,17,4,1),
	(193,5,115,415,477,'Abejas',NULL,NULL,5,1),
	(194,6,NULL,NULL,478,'Alacrán',NULL,NULL,5,1),
	(195,6,NULL,NULL,479,'Araña',NULL,NULL,5,1),
	(198,7,116,419,482,'Babosa',NULL,NULL,5,1),
	(200,5,117,421,484,'Cashpairo blanco',NULL,NULL,5,1),
	(201,5,117,421,485,'Cashpairo marrón',NULL,NULL,5,1),
	(203,8,NULL,NULL,487,'Cien pies',NULL,NULL,5,1),
	(207,9,119,425,491,'Culebrillas',NULL,NULL,5,1),
	(208,4,120,426,492,'Cutpe',NULL,NULL,5,1),
	(209,4,109,427,493,'Gato montés',NULL,NULL,5,1),
	(216,5,123,NULL,500,'Hormigas',NULL,NULL,5,1),
	(218,9,NULL,NULL,502,'Lagartijas',NULL,NULL,5,1),
	(219,5,NULL,NULL,503,'Libélula',NULL,NULL,5,1),
	(220,10,124,NULL,504,'Lombriz de tierra',NULL,NULL,5,1),
	(221,5,125,NULL,505,'Luciérnagas',NULL,NULL,5,1),
	(223,5,127,NULL,507,'Manta Blanca',NULL,NULL,5,1),
	(224,5,128,435,508,'Moscas',NULL,NULL,5,1),
	(225,4,NULL,NULL,509,'Murciélago',NULL,NULL,5,1),
	(226,4,NULL,NULL,510,'Muca',NULL,NULL,5,1),
	(232,4,109,404,466,'Puma',NULL,NULL,5,1),
	(233,4,129,440,516,'Rata',NULL,NULL,5,1),
	(234,4,129,441,517,'Ratones',NULL,NULL,5,1),
	(236,2,97,443,519,'Sapo',NULL,NULL,5,1),
	(237,6,131,444,520,'Tarantula',NULL,NULL,5,1),
	(239,11,132,445,522,'Trucha',NULL,NULL,5,1),
	(240,4,133,446,523,'Vampiros',NULL,NULL,5,1),
	(241,4,114,447,524,'Venado',NULL,NULL,5,1),
	(242,6,134,448,525,'Viuda negra',NULL,NULL,5,1),
	(243,4,105,450,526,'Vizcacha',NULL,NULL,5,1),
	(245,5,135,NULL,528,'Zancudo',NULL,NULL,5,1),
	(246,4,136,451,529,'Zariguella',NULL,NULL,5,1),
	(247,4,137,NULL,530,'Zorrino',NULL,NULL,5,1),
	(248,4,110,452,531,'Zorro',NULL,NULL,5,1),
	(249,4,114,447,524,'Venado',NULL,NULL,5,1);
INSERT INTO tb_diversidad_fauna VALUES (250,4,NULL,NULL,532,'Monos',NULL,NULL,5,1),
	(251,5,NULL,NULL,533,'Mariposa',NULL,NULL,5,1),
	(252,9,138,453,534,'Jergones',NULL,NULL,5,1),
	(253,4,139,454,535,'Oso hormiguero',NULL,NULL,5,1),
	(254,4,109,455,536,'Tigrillo',NULL,NULL,5,1),
	(262,12,109,404,466,'Puma',NULL,NULL,6,1),
	(263,12,105,400,526,'Vizcacha',NULL,NULL,6,1),
	(264,12,142,401,463,'Cuy silvestre',NULL,NULL,6,1),
	(266,12,114,414,541,'Luichu',NULL,NULL,6,1),
	(267,12,110,408,NULL,'Zorro andino',NULL,NULL,6,1),
	(268,12,137,460,NULL,'Zorrino',NULL,NULL,6,1),
	(269,12,114,413,NULL,'Taruca',NULL,NULL,6,1),
	(89,4,110,407,469,'Osq´ollo','Nombre de la especie no corresponde al género.',16,3,1),
	(92,4,111,410,471,'Margay','Nombre de la especie no corresponde al género.',16,3,1),
	(185,4,110,407,469,'Osq´ollo','Nombre de la especie no corresponde al género',17,4,1),
	(188,4,111,410,471,'Margay','Nombre de la especie no corresponde al género',17,4,1),
	(210,1,76,428,494,'Gavilán','Se cambio de nombre a Cryptoleucopteryx plumbea',NULL,5,1),
	(257,1,141,458,539,'Flamenco andino','Se cambio de nombre a Phoenicoparrus andinus ( Filipo , RA 1854).',NULL,6,1),
	(259,1,76,418,481,'Aguilucho','Se cambio de nombre a Geranoaetus poecilochrous (Gurney, JH Sr 1879).',NULL,6,1);

-- DIVERSIDAD FLORA
INSERT INTO `tb_clase` (`id`, `clase`, `tb_tipo_diversidad_id`, `status`) VALUES
	('13', 'Isoetopsida', '4', '1'),
	('14', 'Equisetopsida', '4', '1'),
	('15', 'Genotopsida', '4', '1'),
	('16', 'Pinopsida', '4', '1'),
	('17', 'Magnoliopsida', '4', '1'),
	('18', 'Liliopsida', '4', '1');
	-- familia
	INSERT INTO `tb_familias` (`id`, `familia`, `tb_tipo_diversidad_id`, `status`) VALUES
	('143', 'Isoetaceae', '4', '1'),
	('144', 'Equisetaceae', '4', '1'),
	('145', 'Ephedraceae', '4', '1'),
	('146', 'Podocarpaceae', '4', '1'),
	('147', 'Pinaceae', '4', '1'),
	('148', 'Araliaceae', '4', '1'),
	('149', 'Asteraceae', '4', '1'),
	('150', 'Brassicaceae', '4', '1'),
	('151', 'Tropaeolaceae', '4', '1'),
	('152', 'Campanulaceae', '4', '1'),
	('153', 'Capparaceae', '4', '1'),
	('154', 'Amaranthaceae', '4', '1'),
	('155', 'Basellaceae', '4', '1'),
	('156', 'Cactaceae', '4', '1'),
	('157', 'Caryophyllaceae', '4', '1'),
	('158', 'Chenopodiaceae', '4', '1'),
	('159', 'Nyctaginaceae', '4', '1'),
	('160', 'Ericaceae', '4', '1'),
	('161', 'Euphorbiaceae', '4', '1'),
	('162', 'Betulaceae', '4', '1'),
	('163', 'Fabaceae', '4', '1'),
	('164', 'Apocynaceae', '4', '1'),
	('165', 'Gentianaceae', '4', '1'),
	('166', 'Longaniaceae', '4', '1'),
	('167', 'Geraniaceae', '4', '1'),
	('168', 'Haloragaceae', '4', '1'),
	('169', 'Lamiaceae', '4', '1'),
	('170', 'Verbenaceae', '4', '1'),
	('171', 'Plantaginaceae', '4', '1'),
	('172', 'Elaeocarpaceae', '4', '1'),
	('173', 'Malvaceae', '4', '1'),
	('174', 'Myricaceae', '4', '1'),
	('175', 'Myrtaceae', '4', '1'),
	('176', 'Onagraceae', '4', '1'),
	('177', 'Oxalidadeae', '4', '1'),
	('178', 'Piperaceae', '4', '1'),
	('179', 'Polygalaceae', '4', '1'),
	('180', 'Polygonaceae', '4', '1'),
	('181', 'Berberidaceae', '4', '1'),
	('182', 'Ranunculaceae', '4', '1'),
	('183', 'Rhamnaceae', '4', '1'),
	('184', 'Rosaceae', '4', '1'),
	('185', 'Escalloniaceae', '4', '1'),
	('186', 'Saxifragaceae', '4', '1'),
	('187', 'Salicaceae', '4', '1'),
	('188', 'Sapindaceae', '4', '1'),
	('189', 'Acanthaceae', '4', '1'),
	('190', 'Bignoniaceae', '4', '1'),
	('191', 'Buddlejaceae', '4', '1'),
	('192', 'Scrophulariaceae', '4', '1'),
	('193', 'Convolvulaceae', '4', '1'),
	('194', 'Polemoniaceae', '4', '1'),
	('195', 'Solanaceae', '4', '1'),
	('196', 'Urticaceae', '4', '1'),
	('197', 'Begoniaceae', '4', '1'),
	('198', 'Cucurbitaceae', '4', '1'),
	('199', 'Loasaceae', '4', '1'),
	('200', 'Passifloraceae', '4', '1'),
	('201', 'Lemnaceae', '4', '1'),
	('202', 'Bromeliaceae', '4', '1'),
	('203', 'Cyperaceae', '4', '1'),
	('204', 'Poaceae', '4', '1'),
	('205', 'Juncaceae', '4', '1'),
	('206', 'Alstroemeliaceae', '4', '1'),
	('207', 'Agavaceae', '4', '1'),
	('208', 'Iridaceae', '4', '1'),
	('209', 'Liliaceae', '4', '1'),
	('210', 'Orchidaceae', '4', '1'),
	('211', 'Asparagaceae', '4', '1'),
	('212', 'Anacardiaceae', '4', '1'),
	('213', 'Adoxaceae', '4', '1'),
	('214', 'Buxaceae', '4', '1'),
	('215', 'Cornaceae', '4', '1');
	-- nombre_cientifico
	INSERT INTO `tb_nombres_cientificos` (`id`, `nombre_cientifico`, `tb_familia_id`, `tb_tipo_diversidad_id`, `status`) VALUES
	('461', 'Stylites sp.', '143', '4', '1'),
	('462', 'Isoetes sp.', '143', '4', '1'),
	('463', 'Equisetum bogotense Kunth', '144', '4', '1'),
	('464', 'Equisetum giganteum L.', '144', '4', '1'),
	('465', 'Ephedra americana Humb. & Bonpl. ex Willd.', '145', '4', '1'),
	('466', 'Podocarpus glomeratus D. Don', '146', '4', '1'),
	('467', 'Pinus radiata D. Don', '147', '4', '1'),
	('468', 'Hydrocotyle bogotensis', '148', '4', '1'),
	('469', 'Apium sp.', '148', '4', '1'),
	('470', 'Azorella compacta Phil.', '148', '4', '1'),
	('471', 'Conium maculatum L.', '148', '4', '1'),
	('472', 'Daucus montanus Humb. & Bonpl. ex Spreng.', '148', '4', '1'),
	('473', 'Achyrocline alata (Kunth) DC.', '149', '4', '1'),
	('474', 'Adenostemma platyphyllum Cass.', '149', '4', '1'),
	('475', 'Ageratina pentlandiana (DC.) R.M. King & H. Rob.', '149', '4', '1'),
	('476', 'Ageratina sternbergiana (DC.) R.M. King & H. Rob.', '149', '4', '1'),
	('477', 'Ambrosia arborescens Mill.', '149', '4', '1'),
	('478', 'Aristeguietia discolor R.M. King & H. Rob.', '149', '4', '1'),
	('479', 'Aristeguietia gayana (Wedd.) R.M. King & H. Rob.', '149', '4', '1'),
	('480', 'Baccharis alpina Kunth', '149', '4', '1'),
	('481', 'Baccharis latifolia (Ruiz & Pav.) Pers.', '149', '4', '1'),
	('482', 'Baccharis odorata Kunth', '149', '4', '1'),
	('483', 'Baccharis salicifolia (Ruiz & Pav.) Pers.', '149', '4', '1'),
	('484', 'Baccharis sp.', '149', '4', '1'),
	('485', 'Barnadesia corymbosa (Ruiz & Pav.) D. Don', '149', '4', '1'),
	('486', 'Barnadesia horrida Muschl.', '149', '4', '1'),
	('487', 'Belloa schultzii (Wedd.) Cabrera', '149', '4', '1'),
	('488', 'Bidens andicola Kunth', '149', '4', '1'),
	('489', 'Cronquistianthus volkensii (Hieron.) R.M. King & H. Rob.', '149', '4', '1'),
	('490', 'Eupatorium macrophyllum L.', '149', '4', '1'),
	('491', 'Flourensia polycephala M.O. Dillon', '149', '4', '1'),
	('492', 'Gamochaeta americana (Mill.) Wedd.', '149', '4', '1'),
	('493', 'Gnaphalium polium Wedd.', '149', '4', '1'),
	('494', 'Grindelia boliviana Rusby', '149', '4', '1'),
	('495', 'Gynoxys cusilluyocana Cuatrec.', '149', '4', '1'),
	('496', 'Gynoxys longifolia Wedd.', '149', '4', '1'),
	('497', 'Gynoxys sp.', '149', '4', '1'),
	('498', 'Hypochaeris meyeniana (Walp.) Benth. & Hook. f. ex Griseb.', '149', '4', '1'),
	('499', 'Hypochaeris taraxacoides (Walp.) Ball', '149', '4', '1'),
	('500', 'Lasiocephalus campanulatus (Sch. Bip. ex Klatt) Cuatrec.', '149', '4', '1'),
	('501', 'Munnozia senecionidis Benth.', '149', '4', '1'),
	('502', 'Mutisia acuminata Ruiz & Pav.', '149', '4', '1'),
	('503', 'Mutisia cochabambensis Hieron.', '149', '4', '1'),
	('504', 'Paranephelius sp.', '149', '4', '1'),
	('505', 'Perezia coerulescens Wedd.', '149', '4', '1'),
	('506', 'Senecio herrerae Cabrera', '149', '4', '1'),
	('507', 'Senecio evacoides Sch. Bip.', '149', '4', '1'),
	('508', 'Senecio gamolepis Cabrera', '149', '4', '1'),
	('509', 'Senecio serratifolius (Meyen & Walp.) Cuatrec.', '149', '4', '1'),
	('510', 'Senecio sp.', '149', '4', '1'),
	('511', 'Senecio spinosus DC.', '149', '4', '1'),
	('512', 'Sonchus oleraceus L.', '149', '4', '1'),
	('513', 'Stevia herrerae B.L. Rob.', '149', '4', '1'),
	('514', 'Tagetes multiflora Kunth', '149', '4', '1'),
	('515', 'Tagetes minuta L.', '149', '4', '1'),
	('516', 'Tagetes pusilla Kunth', '149', '4', '1'),
	('517', 'Taraxacum officinale F.H. Wigg.', '149', '4', '1'),
	('518', 'Vilobia praetermissa Strother', '149', '4', '1'),
	('519', 'Viguiera sp.', '149', '4', '1'),
	('520', 'Werneria caespitosa Wedd.', '149', '4', '1'),
	('521', 'Brassica sp.', '150', '4', '1'),
	('522', 'Rorippa nasturtium (Moench) Beck', '150', '4', '1'),
	('523', 'Rapistrum raphanistrum (L.) Crantz', '150', '4', '1'),
	('524', 'Brassica rapa L.', '150', '4', '1'),
	('525', 'Rapistrum sp.', '150', '4', '1'),
	('526', 'Tropaeolum peregrinum L.', '151', '4', '1'),
	('527', 'Tropaeolum cochabambae Buchenau', '151', '4', '1'),
	('528', 'Tropaeolum purpureum Killip', '151', '4', '1'),
	('529', 'Tropaeolum tuberosum Ruiz & Pav.', '151', '4', '1'),
	('530', 'Lobelia tenella L.', '152', '4', '1'),
	('531', 'Celome sp.', '153', '4', '1'),
	('532', 'Amaranthus caudatus L.', '154', '4', '1'),
	('533', 'Chamissoa altissima (Jacq.) Kunth', '154', '4', '1'),
	('534', 'Chenopodium pallidicaule Aellen', '154', '4', '1'),
	('535', 'Chenopodium quinoa Willd.', '154', '4', '1'),
	('536', 'Ullucus tuberosus Caldas', '155', '4', '1'),
	('537', 'Austrocylindropuntia subulata (Muehlenpf.) Backeb.', '156', '4', '1'),
	('538', 'Corryocactus squarrosus (Vaupel) Hutchison', '156', '4', '1'),
	('539', 'Cereus vargasianus Cárdenas', '156', '4', '1'),
	('540', 'Cylindropuntia subulata (Muehlenpf.) F.M. Knuth', '156', '4', '1'),
	('541', 'Echinopsis cuzcoensis (Britton & Rose) Friedrich & G.D. Rowley', '156', '4', '1'),
	('542', 'Opuntia floccosa Salm-Dyck', '156', '4', '1'),
	('543', 'Opuntia subulata (Muehlenpf.) Engelm.', '156', '4', '1'),
	('544', 'Arenaria serpientes Kunth', '157', '4', '1'),
	('545', 'Arenaria sp.', '157', '4', '1'),
	('546', 'Cardionema ramosissimum (Weinm.) A. Nelson y J.F. Macbr.', '157', '4', '1'),
	('547', 'Pycnophyllum molle J. Rémy', '157', '4', '1'),
	('548', 'Schinus microphylla I.M. Johnst.', '157', '4', '1'),
	('549', 'Schinus molle L.', '157', '4', '1'),
	('550', 'Chenopodium sp.', '158', '4', '1'),
	('551', 'Mirabilis prostrata (Ruiz & Pav.) Heimerl', '159', '4', '1'),
	('552', 'Gaultheria reticulata Kunth', '160', '4', '1'),
	('553', 'Acalypha aronioides Pax y K. Hoffm.', '161', '4', '1'),
	('554', 'Croton baillonianus Müll. Arg.', '161', '4', '1'),
	('555', 'Euphorbia peplus L.', '161', '4', '1'),
	('556', 'Alnus acuminata Kunth', '162', '4', '1'),
	('557', 'Acacia sp.', '163', '4', '1'),
	('558', 'Adesmia miraflorensis J. Rémy', '163', '4', '1'),
	('559', 'Astrágalo garbancillo Cav.', '163', '4', '1'),
	('560', 'Crotalaria incana L.', '163', '4', '1'),
	('561', 'Desmodium molliculum (Kunth) DC.', '163', '4', '1'),
	('562', 'Desmodium neomexicanum A. Gray', '163', '4', '1'),
	('563', 'Lupinus mutabilis Sweet', '163', '4', '1'),
	('564', 'Lupinus pubescens Benth.', '163', '4', '1'),
	('565', 'Lupinus paniculatus Desr.', '163', '4', '1'),
	('566', 'Medicago hispida Gaertn.', '163', '4', '1'),
	('567', 'Medicago sativa L.', '163', '4', '1'),
	('568', 'Melilotus sp.', '163', '4', '1'),
	('569', 'Pisum sativum L.', '163', '4', '1'),
	('570', 'Phaseolus vulgaris L.', '163', '4', '1'),
	('571', 'Prosopis laevigata (Humb. & Bonpl. ex Willd.) M.C. Johnst.', '163', '4', '1'),
	('572', 'Senna birostris (Dombey ex Vogel) H.S. Irwin & Barneby', '163', '4', '1'),
	('573', 'Trifolium amabile Kunth', '163', '4', '1'),
	('574', 'Trifolium repens L.', '163', '4', '1'),
	('575', 'Vicia graminea Sm.', '163', '4', '1'),
	('576', 'Vicia faba L.', '163', '4', '1'),
	('577', 'Mesechites sp.', '164', '4', '1'),
	('578', 'Gentiana sedifolia Kunth', '165', '4', '1'),
	('579', 'Gentianella dolichopoda (Gilg) J.S. Pringle', '165', '4', '1'),
	('580', 'Gentianella sp.', '165', '4', '1'),
	('581', 'Halenia bella Gilg', '165', '4', '1'),
	('582', 'Buddleja americana L.', '166', '4', '1'),
	('583', 'Buddleja coriacea J. Rémy', '166', '4', '1'),
	('584', 'Erodium cicutarium (L.) L\'Hér. ex Aiton', '167', '4', '1'),
	('585', 'Geranium filipes Killip', '167', '4', '1'),
	('586', 'Geranium sessiliflorum Cav.', '167', '4', '1'),
	('587', 'Geranium sp.', '167', '4', '1'),
	('588', 'Myriophyllum aquaticum (Vell.) Verdc.', '168', '4', '1'),
	('589', 'Lepechinia meyenii (Walp.) Epling', '169', '4', '1'),
	('590', 'Minthostachys spicata (Benth.) Epling', '169', '4', '1'),
	('591', 'Minthostachys setosa (Briq.) Epling', '169', '4', '1'),
	('592', 'Salvia oppositiflora Ruiz & Pav.', '169', '4', '1'),
	('593', 'Satureja boliviana (Benth.) Briq.', '169', '4', '1'),
	('594', 'Citharexylum herrerae Mansf.', '170', '4', '1'),
	('595', 'Verbena litoralis Kunth', '170', '4', '1'),
	('596', 'Bougueria nubicola Decne.', '171', '4', '1'),
	('597', 'Plantago australis Lam.', '171', '4', '1'),
	('598', 'Vallea stipularis L. f.', '172', '4', '1'),
	('599', 'Nototricha sp.', '173', '4', '1'),
	('600', 'Nototriche sulphurea A.W. Hill', '173', '4', '1'),
	('601', 'Morella pubescens (Humb. & Bonpl. ex Willd.) Wilbur', '174', '4', '1'),
	('602', 'Eucalyptus sp.', '175', '4', '1'),
	('603', 'Fuchsia boliviana Carrière', '176', '4', '1'),
	('604', 'Oenothera multicaulis Ruiz & Pav.', '176', '4', '1'),
	('605', 'Oxalis dolichopoda Diels', '177', '4', '1'),
	('606', 'Oxalis spiralis Ruiz & Pav. ex G. Don', '177', '4', '1'),
	('607', 'Oxalis megalorrhiza Jacq.', '177', '4', '1'),
	('608', 'Oxalis nubigena Walp.', '177', '4', '1'),
	('609', 'Oxalis boliviana Britton', '177', '4', '1'),
	('610', 'Oxalis tuberosa Molina', '177', '4', '1'),
	('611', 'Peperomia ppucu-ppucu Trel.', '178', '4', '1'),
	('612', 'Peperomia verruculosa Dahlst. ex A.W. Hill', '178', '4', '1'),
	('613', 'Monnina salicifolia Ruiz & Pav.', '179', '4', '1'),
	('614', 'Poligala L.', '179', '4', '1'),
	('615', 'Muehlenbeckia volcanica (Benth.) Endl.', '180', '4', '1'),
	('616', 'Rumex obtusifolius L.', '180', '4', '1'),
	('617', 'Berberis boliviana Lechl.', '181', '4', '1'),
	('618', 'Berberis carinata Lechl.', '181', '4', '1'),
	('619', 'Clematis seemannii Kuntze', '182', '4', '1'),
	('620', 'Ranunculus cymbalaria Pursh', '182', '4', '1'),
	('621', 'Ranunculus mandonianus Wedd.', '182', '4', '1'),
	('622', 'Colletia spinosissima J.F. Gmel.', '183', '4', '1'),
	('623', 'Acaena torilicarpa Bitter', '184', '4', '1'),
	('624', 'Alchemilla diplophylla Diels', '184', '4', '1'),
	('625', 'Alchemilla pinnata Ruiz & Pav.', '184', '4', '1'),
	('626', 'Kageneckia lanceolata Ruiz & Pav.', '184', '4', '1'),
	('627', 'Margyricarpus pinnatus (Lam.) Kuntze', '184', '4', '1'),
	('628', 'Hesperomeles lanuginosa Ruiz & Pav. ex Hook.', '184', '4', '1'),
	('629', 'Polylepis incana Kunth', '184', '4', '1'),
	('630', 'Polylepis racemosa Ruiz & Pav.', '184', '4', '1'),
	('631', 'Escallonia myrtilloides L. f.', '185', '4', '1'),
	('632', 'Escallonia paniculata (Ruiz & Pav.) Roem. & Schult.', '185', '4', '1'),
	('633', 'Escallonia pendula (Ruiz & Pav.) Pers.', '185', '4', '1'),
	('634', 'Escallonia resinosa (Ruiz & Pav.) Pers.', '185', '4', '1'),
	('635', 'Saxifraga canaliculata Boiss. & Reuter ex Engl.', '186', '4', '1'),
	('636', 'Saxifraga moschata Wulfen', '186', '4', '1'),
	('637', 'Salix humboldtiana Willd.', '187', '4', '1'),
	('638', 'Allophylus peruvianus Radlk.', '188', '4', '1'),
	('639', 'Ruellia sp.', '189', '4', '1'),
	('640', 'Tecoma sambucifolia Kunth', '190', '4', '1'),
	('641', 'Paragonia pyramidata (Rich.) Bureau', '190', '4', '1'),
	('642', 'Buddleja sp.', '191', '4', '1'),
	('643', 'Alonsoa acutifolia Ruiz & Pav.', '192', '4', '1'),
	('644', 'Bartsia aurea Edwin', '192', '4', '1'),
	('645', 'Bartsia camporum Diels', '192', '4', '1'),
	('646', 'Bartsia pedicularoides Benth.', '192', '4', '1'),
	('647', 'Bartsia peruviana Walp.', '192', '4', '1'),
	('648', 'Calceolaria atahualpae Kraenzl.', '192', '4', '1'),
	('649', 'Calceolaria engleriana Kraenzl.', '192', '4', '1'),
	('650', 'Calceolaria myriophylla Kraenzl.', '192', '4', '1'),
	('651', 'Calceolaria sp.', '192', '4', '1'),
	('652', 'Veronica peregrina L.', '192', '4', '1'),
	('653', 'Ipomoea purpurea (L.) Roth', '193', '4', '1'),
	('654', 'Cantua buxifolia Juss. ex Lam.', '194', '4', '1'),
	('655', 'Cantua flexuosa (Ruiz & Pav.) Pers.', '194', '4', '1'),
	('656', 'Cestrum sp.', '195', '4', '1'),
	('657', 'Datura stramonium L.', '195', '4', '1'),
	('658', 'Lycianthes lycioides (L.) Hassl.', '195', '4', '1'),
	('659', 'Nicotiana glauca Graham', '195', '4', '1'),
	('660', 'Nicotiana raimondii J.F. Macbr.', '195', '4', '1'),
	('661', 'Physalis angulata L.', '195', '4', '1'),
	('662', 'Salpichroa glandulosa (Hook.) Miers', '195', '4', '1'),
	('663', 'Salpichroa hirsuta (Meyen) Miers', '195', '4', '1'),
	('664', 'Saracha punctata Ruiz & Pav.', '195', '4', '1'),
	('665', 'Sessea pedicellata Francey', '195', '4', '1'),
	('666', 'Solanum acaule Bitter', '195', '4', '1'),
	('667', 'Solanum albidum Dunal', '195', '4', '1'),
	('668', 'Solanum aligerum Schltdl.', '195', '4', '1'),
	('669', 'Solanum bukasovii Juz. ex Rybin', '195', '4', '1'),
	('670', 'Solanum marinasense Vargas', '195', '4', '1'),
	('671', 'Solanum megistacrolobum Bitter', '195', '4', '1'),
	('672', 'Solanum urubambae Juz.', '195', '4', '1'),
	('673', 'Solanum sparsipilum (Bitter) Juz. & Bukasov', '195', '4', '1'),
	('674', 'Solanum raphanifolium Cárdenas & Hawkes', '195', '4', '1'),
	('675', 'Vassobia fasciculata (Miers) Hunz.', '195', '4', '1'),
	('676', 'Boehmeria caudata Sw.', '196', '4', '1'),
	('677', 'Urtica urens L.', '196', '4', '1'),
	('678', 'Begonia veitchii Hook. f.', '197', '4', '1'),
	('679', 'Apodanthera herrerae Harms', '198', '4', '1'),
	('680', 'Cucurbita maxima Duchesne', '198', '4', '1'),
	('681', 'Gurania eriantha (Poepp. & Endl.) Cogn.', '198', '4', '1'),
	('682', 'Cajophora horrida Urb. & Gilg', '199', '4', '1'),
	('683', 'Passiflora gracilens (A. Gray) Harms', '200', '4', '1'),
	('684', 'Passiflora tripartita (Juss.) Poir.', '200', '4', '1'),
	('685', 'Passiflora sp.', '200', '4', '1'),
	('686', 'Puya ferruginea (Ruiz & Pav.) L.B. Sm.', '201', '4', '1'),
	('687', 'Puya sp.', '202', '4', '1'),
	('688', 'Tillandsia sp.', '202', '4', '1'),
	('689', 'Carex pichinchensis Kunth', '203', '4', '1'),
	('690', 'Eleocharis albibracteata Nees & Meyen ex Kunth', '203', '4', '1'),
	('691', 'Scirpus californicus (C.A. Mey.) Steud.', '203', '4', '1'),
	('692', 'Scirpus rigidus Boeckeler', '203', '4', '1'),
	('693', 'Scirpus sp.', '203', '4', '1'),
	('694', 'Aciachne pulvinata Benth.', '204', '4', '1'),
	('695', 'Aristida adscensionis L.', '204', '4', '1'),
	('696', 'Aristida sp.', '204', '4', '1'),
	('697', 'Bouteloua simplex Lag.', '204', '4', '1'),
	('698', 'Cenchrus sp.', '204', '4', '1'),
	('699', 'Chloris sp.', '204', '4', '1'),
	('700', 'Chusquea picta Pilg.', '204', '4', '1'),
	('701', 'Chusquea Scandens Kunth', '204', '4', '1'),
	('702', 'Cortaderia nitida (Kunth) Pilg.', '204', '4', '1'),
	('703', 'Cortaderia sp.', '204', '4', '1'),
	('704', 'Deyeuxia minima (Pilg.) Rúgolo', '204', '4', '1'),
	('705', 'Eragrostis nigricans (Kunth) Steud.', '204', '4', '1'),
	('706', 'Festuca dolichophylla J. Presl', '204', '4', '1'),
	('707', 'Festuca orthophylla Pilg.', '204', '4', '1'),
	('708', 'Festuca sp.', '204', '4', '1'),
	('709', 'Hordeum vulgar L.', '204', '4', '1'),
	('710', 'Melica scabra Kunth', '204', '4', '1'),
	('711', 'Nassella pubiflora (Trin. & Rupr.) E. Desv.', '204', '4', '1'),
	('712', 'Paspalum fasciculatum Willd. ex Flüggé', '204', '4', '1'),
	('713', 'Paspalum pygmaeum Hack.', '204', '4', '1'),
	('714', 'Paspalum repens P.J. Bergius', '204', '4', '1'),
	('715', 'Pennisetum clandestinum Hochst. ex Chiov.', '204', '4', '1'),
	('716', 'Poa annua L.', '204', '4', '1'),
	('717', 'Poa gilgiana Pilg.', '204', '4', '1'),
	('718', 'Polypogon monspeliensis (L.) Desf.', '204', '4', '1'),
	('719', 'Rhynchelytrum repens (Willd.) C.E. Hubb.', '204', '4', '1'),
	('720', 'Sporobolus poiretii (Roem. & Schult.) Hitchc.', '204', '4', '1'),
	('721', 'Stipa hans-meyeri Pilg.', '204', '4', '1'),
	('722', 'Stipa ichu (Ruiz & Pav.) Kunth', '204', '4', '1'),
	('723', 'Stipa sp.', '204', '4', '1'),
	('724', 'Triticum sativum Lam.', '204', '4', '1'),
	('725', 'Zea mays L.', '204', '4', '1'),
	('726', 'Distichia muscoides Nees & Meyen', '205', '4', '1'),
	('727', 'Distichlis humilis Phil.', '205', '4', '1'),
	('728', 'Juncus rigidus Desf.', '205', '4', '1'),
	('729', 'Luzula racemosa Desv.', '205', '4', '1'),
	('730', 'Bomarea edulis (Tussac) Herb.', '206', '4', '1'),
	('731', 'Bomarea ovata (Cav.) Mirb.', '206', '4', '1'),
	('732', 'Agave americana L.', '207', '4', '1'),
	('733', 'Hesperoxiphion peruvianum (Baker) Baker', '208', '4', '1'),
	('734', 'Sisyrinchium palmifolium L.', '208', '4', '1'),
	('735', 'Sisyrinchium parvifolium Baker', '208', '4', '1'),
	('736', 'Oziroe acaulis (Baker) Speta', '209', '4', '1'),
	('737', 'Weberbaueri o mathewsii', '210', '4', '1'),
	('738', 'Altensteinia fimbriata Kunth', '210', '4', '1'),
	('739', 'Polygala sp.', NULL, '4', '1'),
	('740', 'weberbaueri o mathewsii', '210', '4', '1'),
	('741', 'Aciachne pulvinata Benth', '204', '4', '1'),
	('742', 'Bromus unioloides Kunth', '204', '4', '1'),
	('743', 'Calamagrostis vicunarum (Wedd.) Pilg.', '204', '4', '1'),
	('744', 'Calamagrostis antoniana (Griseb.) Hack. ex Dusén', '204', '4', '1'),
	('745', 'Hordeum muticum J. Presl', '204', '4', '1'),
	('746', 'Nassella meyeniana (Trin. & Rupr.) Parodi', '204', '4', '1'),
	('747', 'Muhlenbergia fastigiata (J.Presl) Henrard', '204', '4', '1'),
	('748', 'Stipa obtusa (Nees & Meyen) Hitchc.', '204', '4', '1'),
	('749', 'Stipa spp.', '204', '4', '1'),
	('750', 'Plantago tubulosa Decne.', '171', '4', '1'),
	('751', 'Plantago monticola Decne.', '171', '4', '1'),
	('752', 'Astragalus garbancillo Cav.', '163', '4', '1'),
	('753', 'Medicago spp.', '163', '4', '1'),
	('754', 'Trifolium peruvianum Vogel', '163', '4', '1'),
	('755', 'Hypochaeris spp.', '149', '4', '1'),
	('756', 'Werneria nubigena Kunth', '149', '4', '1'),
	('757', 'Arundo donax L.', '204', '4', '1'),
	('758', 'Dodonaea viscosa Jacq.', '188', '4', '1'),
	('759', 'Retama sphaerocarpa (L.) Boiss.', '163', '4', '1'),
	('760', 'Opuntia ficus-indica (L.) Mill.', '156', '4', '1'),
	('761', 'Piper spp.', '178', '4', '1'),
	('762', 'Agave spp.', '211', '4', '1'),
	('763', 'Alnus jorullensis Kunth', '162', '4', '1'),
	('764', 'Barnadesia dombeyana Less.', '149', '4', '1'),
	('765', 'Caesalpinia spinosa (Molina) Kuntze', '163', '4', '1'),
	('766', 'Erythrina fusca Lour.', '163', '4', '1'),
	('767', 'Myrcianthes oreophila (Diels) McVaugh', '175', '4', '1'),
	('768', 'Sambucus peruviana Kunth', '213', '4', '1'),
	('769', 'Physalis peruviana L.', '195', '4', '1'),
	('770', 'Escallonia myrtilloides L.', '185', '4', '1'),
	('771', 'Styloceras laurifolium (Willd.) Kunth', '214', '4', '1'),
	('772', 'Cornus peruviana J.F. Macbr.', '215', '4', '1'),
	('773', 'Prunus rigida Koehne', '184', '4', '1');
	-- TB_DIVERSIEDAD_FLORA
	DROP TABLE IF EXISTS tb_diversidad_flora;
    CREATE TABLE IF NOT EXISTS `tb_diversidad_flora` 
(
    `id`	INT NOT NULL PRIMARY KEY AUTO_INCREMENT,
    `tb_clase_id`	INT,
    `tb_familias_id`	INT,
    `tb_nombres_cientificos_id`	INT,
    `tb_nombres_comunes_id`	INT,
    `nombre_local`	VARCHAR (50),
    `observacion`	VARCHAR(300),
    `tipo_diversidad`	INT,
    `tb_centro_poblado_id`	INT,
    `tb_zabd_id`	INT,
    `status`	TINYINT DEFAULT 1
) COMMENT 'TABLA PRINCIPAL DE LAS DIVERSIDADES DE FLORA';

INSERT INTO `tb_diversidad_flora` (`id`, `tb_clase_id`, `tb_familias_id`, `tb_nombres_cientificos_id`, `tb_nombres_comunes_id`, `nombre_local`, `observacion`, `tipo_diversidad`, `tb_centro_poblado_id`, `tb_zabd_id`, `status`) VALUES
	('1', '13', '143', '461', NULL, NULL, NULL, 'Flora', '16', '3', '1'),
	('2', '13', '143', '462', NULL, NULL, NULL, 'Flora', '16', '3', '1'),
	('3', '14', '144', '463', NULL, NULL, NULL, 'Flora', '16', '3', '1'),
	('4', '14', '144', '464', NULL, NULL, NULL, 'Flora', '16', '3', '1'),
	('5', '15', '145', '465', '542', 'Pinco', NULL, 'Flora', '16', '3', '1'),
	('6', '16', '146', '466', '543', 'Intimpa', NULL, 'Flora', '16', '3', '1'),
	('7', '16', '147', '467', '544', 'Pino', NULL, 'Flora', '16', '3', '1'),
	('8', '17', '148', '468', NULL, NULL, 'Nombre de la especie no corresponde al género.', 'Flora', '16', '3', '1'),
	('9', '17', '148', '469', '545', 'Kita perejil', NULL, 'Flora', '16', '3', '1'),
	('10', '17', '148', '470', '546', 'Yareta', NULL, 'Flora', '16', '3', '1'),
	('11', '17', '148', '471', '547', 'Cicuta', NULL, 'Flora', '16', '3', '1'),
	('12', '17', '148', '472', '548', 'Pampa zanahoria', NULL, 'Flora', '16', '3', '1'),
	('13', '17', '149', '473', '549', 'Wira', NULL, 'Flora', '16', '3', '1'),
	('14', '17', '149', '474', '550', 'Margaritas', NULL, 'Flora', '16', '3', '1'),
	('15', '17', '149', '475', NULL, NULL, NULL, 'Flora', '16', '3', '1'),
	('16', '17', '149', '476', '551', 'Manca paqui', NULL, 'Flora', '16', '3', '1'),
	('17', '17', '149', '477', '552', 'Markhu, Artemisa', NULL, 'Flora', '16', '3', '1'),
	('18', '17', '149', '478', '553', 'Vino', NULL, 'Flora', '16', '3', '1'),
	('19', '17', '149', '479', NULL, NULL, NULL, 'Flora', '16', '3', '1'),
	('20', '17', '149', '480', '554', 'Pacha toyanca', NULL, 'Flora', '16', '3', '1'),
	('21', '17', '149', '481', '555', 'Chilca, yula chilca', NULL, 'Flora', '16', '3', '1'),
	('22', '17', '149', '482', '556', 'Tayanca', NULL, 'Flora', '16', '3', '1'),
	('23', '17', '149', '483', '557', 'Chilca', NULL, 'Flora', '16', '3', '1'),
	('24', '17', '149', '484', '558', 'Ch´ini t´ola', NULL, 'Flora', '16', '3', '1'),
	('25', '17', '149', '485', NULL, NULL, NULL, 'Flora', '16', '3', '1'),
	('26', '17', '149', '486', '559', 'Lllaulli', NULL, 'Flora', '16', '3', '1'),
	('27', '17', '149', '487', NULL, NULL, NULL, 'Flora', '16', '3', '1'),
	('28', '17', '149', '488', '560', 'Pirka', NULL, 'Flora', '16', '3', '1'),
	('29', '17', '149', '489', '561', 'Ñuttu vino', NULL, 'Flora', '16', '3', '1'),
	('30', '17', '149', '490', NULL, NULL, NULL, 'Flora', '16', '3', '1'),
	('31', '17', '149', '491', NULL, NULL, NULL, 'Flora', '16', '3', '1'),
	('32', '17', '149', '492', '562', 'Keto keto', NULL, 'Flora', '16', '3', '1'),
	('33', '17', '149', '493', NULL, NULL, NULL, 'Flora', '16', '3', '1'),
	('34', '17', '149', '494', '563', 'Chiri chiri', NULL, 'Flora', '16', '3', '1'),
	('35', '17', '149', '495', NULL, NULL, NULL, 'Flora', '16', '3', '1'),
	('36', '17', '149', '496', '564', 'Tancar quiswar', NULL, 'Flora', '16', '3', '1'),
	('37', '17', '149', '497', NULL, NULL, NULL, 'Flora', '16', '3', '1'),
	('38', '17', '149', '498', NULL, NULL, NULL, 'Flora', '16', '3', '1'),
	('39', '17', '149', '499', NULL, NULL, NULL, 'Flora', '16', '3', '1'),
	('40', '17', '149', '500', NULL, NULL, NULL, 'Flora', '16', '3', '1'),
	('41', '17', '149', '501', NULL, NULL, NULL, 'Flora', '16', '3', '1'),
	('42', '17', '149', '502', '565', 'Chinchircoma', NULL, 'Flora', '16', '3', '1'),
	('43', '17', '149', '503', NULL, NULL, NULL, 'Flora', '16', '3', '1'),
	('44', '17', '149', '504', NULL, NULL, NULL, 'Flora', '16', '3', '1'),
	('45', '17', '149', '505', NULL, NULL, NULL, 'Flora', '16', '3', '1'),
	('46', '17', '149', '506', NULL, NULL, NULL, 'Flora', '16', '3', '1'),
	('47', '17', '149', '507', NULL, NULL, NULL, 'Flora', '16', '3', '1'),
	('48', '17', '149', '508', NULL, NULL, NULL, 'Flora', '16', '3', '1'),
	('49', '17', '149', '509', NULL, NULL, NULL, 'Flora', '16', '3', '1'),
	('50', '17', '149', '510', NULL, NULL, NULL, 'Flora', '16', '3', '1'),
	('51', '17', '149', '511', NULL, NULL, NULL, 'Flora', '16', '3', '1'),
	('52', '17', '149', '512', '566', 'Diente de león', NULL, 'Flora', '16', '3', '1'),
	('53', '17', '149', '513', NULL, NULL, NULL, 'Flora', '16', '3', '1'),
	('54', '17', '149', '514', '567', 'Chicchipa', NULL, 'Flora', '16', '3', '1'),
	('55', '17', '149', '515', NULL, NULL, NULL, 'Flora', '16', '3', '1'),
	('56', '17', '149', '516', NULL, NULL, NULL, 'Flora', '16', '3', '1'),
	('57', '17', '149', '517', '568', 'Achicoria', NULL, 'Flora', '16', '3', '1'),
	('58', '17', '149', '518', '569', 'Pampa anís', NULL, 'Flora', '16', '3', '1'),
	('59', '17', '149', '519', '570', 'Orcko k´aralawa', NULL, 'Flora', '16', '3', '1'),
	('60', '17', '149', '520', NULL, NULL, NULL, 'Flora', '16', '3', '1'),
	('61', '17', '150', '521', NULL, NULL, NULL, 'Flora', '16', '3', '1'),
	('62', '17', '150', '522', NULL, NULL, NULL, 'Flora', '16', '3', '1'),
	('63', '17', '150', '523', NULL, NULL, NULL, 'Flora', '16', '3', '1'),
	('64', '17', '151', '526', '571', 'Gallito - Huallpa huallpa', NULL, 'Flora', '16', '3', '1'),
	('65', '17', '151', '527', NULL, NULL, NULL, 'Flora', '16', '3', '1'),
	('66', '17', '151', '528', NULL, NULL, NULL, 'Flora', '16', '3', '1'),
	('67', '17', '151', '529', '572', 'Mashua', NULL, 'Flora', '16', '3', '1'),
	('68', '17', '152', '530', NULL, NULL, NULL, 'Flora', '16', '3', '1'),
	('69', '17', '153', '531', '573', 'Chawqa mayu', NULL, 'Flora', '16', '3', '1'),
	('70', '17', '150', '524', '574', 'Nabo, mostacilla', NULL, 'Flora', '16', '3', '1'),
	('71', '17', '150', '525', '575', 'Mostacilla', NULL, 'Flora', '16', '3', '1'),
	('72', '17', '154', '532', '576', 'Kiwicha', NULL, 'Flora', '16', '3', '1'),
	('73', '17', '154', '533', NULL, NULL, NULL, 'Flora', '16', '3', '1'),
	('74', '17', '154', '534', '577', 'Qañiwa', NULL, 'Flora', '16', '3', '1'),
	('75', '17', '154', '535', '578', 'Quinua', NULL, 'Flora', '16', '3', '1'),
	('76', '17', '155', '536', NULL, NULL, NULL, 'Flora', '16', '3', '1'),
	('77', '17', '156', '537', NULL, NULL, NULL, 'Flora', '16', '3', '1'),
	('78', '17', '156', '538', NULL, NULL, NULL, 'Flora', '16', '3', '1'),
	('79', '17', '156', '539', NULL, NULL, NULL, 'Flora', '16', '3', '1'),
	('80', '17', '156', '540', NULL, NULL, NULL, 'Flora', '16', '3', '1'),
	('81', '17', '156', '541', '579', 'Yuma uma', NULL, 'Flora', '16', '3', '1'),
	('82', '17', '156', '542', NULL, NULL, NULL, 'Flora', '16', '3', '1'),
	('83', '17', '156', '543', NULL, NULL, NULL, 'Flora', '16', '3', '1'),
	('84', '17', '157', '544', NULL, NULL, NULL, 'Flora', '16', '3', '1'),
	('85', '17', '157', '545', NULL, NULL, NULL, 'Flora', '16', '3', '1'),
	('86', '17', '157', '546', NULL, NULL, NULL, 'Flora', '16', '3', '1'),
	('87', '17', '157', '547', NULL, NULL, NULL, 'Flora', '16', '3', '1'),
	('88', '17', '157', '548', NULL, NULL, NULL, 'Flora', '16', '3', '1'),
	('89', '17', '157', '549', NULL, NULL, NULL, 'Flora', '16', '3', '1'),
	('90', '17', '158', '550', NULL, NULL, NULL, 'Flora', '16', '3', '1'),
	('91', '17', '159', '551', NULL, NULL, NULL, 'Flora', '16', '3', '1'),
	('92', '17', '160', '552', NULL, NULL, NULL, 'Flora', '16', '3', '1'),
	('93', '17', '161', '553', '580', 'P´ispita', NULL, 'Flora', '16', '3', '1'),
	('94', '17', '161', '554', '581', 'K´uru - k´uru', NULL, 'Flora', '16', '3', '1'),
	('95', '17', '161', '555', NULL, NULL, NULL, 'Flora', '16', '3', '1'),
	('96', '17', '162', '556', '582', 'Aliso', NULL, 'Flora', '16', '3', '1'),
	('97', '17', '163', '557', NULL, NULL, NULL, 'Flora', '16', '3', '1'),
	('98', '17', '163', '558', NULL, NULL, NULL, 'Flora', '16', '3', '1'),
	('99', '17', '163', '559', '583', 'Jusk´a', NULL, 'Flora', '16', '3', '1'),
	('100', '17', '163', '560', NULL, NULL, NULL, 'Flora', '16', '3', '1'),
	('101', '17', '163', '561', '584', 'Manayupa, runa manayupa', NULL, 'Flora', '16', '3', '1'),
	('102', '17', '163', '562', NULL, NULL, NULL, 'Flora', '16', '3', '1'),
	('103', '17', '163', '563', '585', 'Tarwi', NULL, 'Flora', '16', '3', '1'),
	('104', '17', '163', '564', '586', 'Sacha tarwi', NULL, 'Flora', '16', '3', '1'),
	('105', '17', '163', '565', NULL, NULL, NULL, 'Flora', '16', '3', '1'),
	('106', '17', '163', '566', NULL, NULL, NULL, 'Flora', '16', '3', '1'),
	('107', '17', '163', '567', '587', 'Alfalfa', NULL, 'Flora', '16', '3', '1'),
	('108', '17', '163', '568', NULL, NULL, NULL, 'Flora', '16', '3', '1'),
	('109', '17', '163', '569', '588', 'Arveja', NULL, 'Flora', '16', '3', '1'),
	('110', '17', '163', '570', '589', 'Frijol', NULL, 'Flora', '16', '3', '1'),
	('111', '17', '163', '571', NULL, NULL, NULL, 'Flora', '16', '3', '1'),
	('112', '17', '163', '572', '590', 'Mutuy', NULL, 'Flora', '16', '3', '1'),
	('113', '17', '163', '573', NULL, NULL, NULL, 'Flora', '16', '3', '1'),
	('114', '17', '163', '574', NULL, NULL, NULL, 'Flora', '16', '3', '1'),
	('115', '17', '163', '575', NULL, NULL, NULL, 'Flora', '16', '3', '1'),
	('116', '17', '163', '576', NULL, NULL, NULL, 'Flora', '16', '3', '1'),
	('117', '17', '164', '577', NULL, NULL, NULL, 'Flora', '16', '3', '1'),
	('118', '17', '165', '578', '591', 'P´enqa - p´enqa', NULL, 'Flora', '16', '3', '1'),
	('119', '17', '165', '579', NULL, NULL, NULL, 'Flora', '16', '3', '1'),
	('120', '17', '165', '580', NULL, NULL, NULL, 'Flora', '16', '3', '1'),
	('121', '17', '165', '581', NULL, NULL, NULL, 'Flora', '16', '3', '1'),
	('122', '17', '166', '582', '592', 'Tabaco silvestre', NULL, 'Flora', '16', '3', '1'),
	('123', '17', '166', '583', '593', 'C´olle', NULL, 'Flora', '16', '3', '1'),
	('124', '17', '167', '584', '594', 'Agujas de pastor', NULL, 'Flora', '16', '3', '1'),
	('125', '17', '167', '585', NULL, NULL, NULL, 'Flora', '16', '3', '1'),
	('126', '17', '167', '586', NULL, NULL, NULL, 'Flora', '16', '3', '1'),
	('127', '17', '167', '587', '595', 'Geranio', NULL, 'Flora', '16', '3', '1'),
	('128', '17', '168', '588', NULL, NULL, NULL, 'Flora', '16', '3', '1'),
	('129', '17', '169', '589', NULL, NULL, NULL, 'Flora', '16', '3', '1'),
	('130', '17', '169', '590', '596', 'Muña', NULL, 'Flora', '16', '3', '1'),
	('131', '17', '169', '591', NULL, NULL, NULL, 'Flora', '16', '3', '1'),
	('132', '17', '169', '592', '597', 'Ñucchu', NULL, 'Flora', '16', '3', '1'),
	('133', '17', '169', '593', '598', 'Cjuñuca', NULL, 'Flora', '16', '3', '1'),
	('134', '17', '170', '594', NULL, NULL, NULL, 'Flora', '16', '3', '1'),
	('135', '17', '170', '595', '599', 'Verbena', NULL, 'Flora', '16', '3', '1'),
	('136', '17', '171', '596', '600', 'Chamoa estrella', NULL, 'Flora', '16', '3', '1'),
	('137', '17', '171', '597', '601', 'Llantén', NULL, 'Flora', '16', '3', '1'),
	('138', '17', '172', '598', '602', 'Chuillur, Raque', NULL, 'Flora', '16', '3', '1'),
	('139', '17', '173', '599', NULL, NULL, NULL, 'Flora', '16', '3', '1'),
	('140', '17', '173', '600', NULL, NULL, NULL, 'Flora', '16', '3', '1'),
	('141', '17', '174', '601', '603', 'Laurel de Cera', NULL, 'Flora', '16', '3', '1'),
	('142', '17', '175', '602', '604', 'Eucalipto', NULL, 'Flora', '16', '3', '1'),
	('143', '17', '176', '603', '605', 'Fucsia', NULL, 'Flora', '16', '3', '1'),
	('144', '17', '176', '604', '606', 'Yawar chonq´a', NULL, 'Flora', '16', '3', '1'),
	('145', '17', '177', '605', NULL, NULL, NULL, 'Flora', '16', '3', '1'),
	('146', '17', '177', '606', NULL, NULL, NULL, 'Flora', '16', '3', '1'),
	('147', '17', '177', '607', '607', 'Ch´ullku', NULL, 'Flora', '16', '3', '1'),
	('148', '17', '177', '608', NULL, NULL, NULL, 'Flora', '16', '3', '1'),
	('149', '17', '177', '606', NULL, NULL, NULL, 'Flora', '16', '3', '1'),
	('150', '17', '177', '609', NULL, NULL, NULL, 'Flora', '16', '3', '1'),
	('151', '17', '177', '610', '608', 'Oca', NULL, 'Flora', '16', '3', '1'),
	('152', '17', '178', '611', NULL, NULL, NULL, 'Flora', '16', '3', '1'),
	('153', '17', '178', '612', NULL, NULL, NULL, 'Flora', '16', '3', '1'),
	('154', '17', '179', '613', NULL, NULL, NULL, 'Flora', '16', '3', '1'),
	('155', '17', '179', '614', NULL, NULL, NULL, 'Flora', '16', '3', '1'),
	('156', '17', '180', '615', '609', 'Mullaca', NULL, 'Flora', '16', '3', '1'),
	('157', '17', '180', '616', '610', 'Alfarito', NULL, 'Flora', '16', '3', '1'),
	('158', '17', '181', '617', NULL, NULL, NULL, 'Flora', '16', '3', '1'),
	('159', '17', '181', '618', NULL, NULL, NULL, 'Flora', '16', '3', '1'),
	('160', '17', '182', '619', NULL, NULL, NULL, 'Flora', '16', '3', '1'),
	('161', '17', '182', '620', '611', 'Botón de oro', NULL, 'Flora', '16', '3', '1'),
	('162', '17', '182', '621', NULL, NULL, NULL, 'Flora', '16', '3', '1'),
	('163', '17', '183', '622', '612', 'Roque', NULL, 'Flora', '16', '3', '1'),
	('164', '17', '184', '623', NULL, NULL, NULL, 'Flora', '16', '3', '1'),
	('165', '17', '184', '624', '613', 'Libru libru', NULL, 'Flora', '16', '3', '1'),
	('166', '17', '184', '625', '614', 'Sillu sillu', NULL, 'Flora', '16', '3', '1'),
	('167', '17', '184', '626', '615', 'Lloq´e', NULL, 'Flora', '16', '3', '1'),
	('168', '17', '184', '627', NULL, NULL, NULL, 'Flora', '16', '3', '1'),
	('169', '17', '184', '628', NULL, NULL, NULL, 'Flora', '16', '3', '1'),
	('170', '17', '184', '629', '616', 'Q´ueuña', NULL, 'Flora', '16', '3', '1'),
	('171', '17', '184', '630', NULL, NULL, NULL, 'Flora', '16', '3', '1'),
	('172', '17', '185', '631', '617', 'Cipresillo', NULL, 'Flora', '16', '3', '1'),
	('173', '17', '185', '632', '557', 'Chilca', NULL, 'Flora', '16', '3', '1'),
	('174', '17', '185', '633', '618', 'Pauco', NULL, 'Flora', '16', '3', '1'),
	('175', '17', '185', '634', '619', 'Chachacomo', NULL, 'Flora', '16', '3', '1'),
	('176', '17', '186', '635', NULL, NULL, NULL, 'Flora', '16', '3', '1'),
	('177', '17', '186', '636', NULL, NULL, NULL, 'Flora', '16', '3', '1'),
	('178', '17', '187', '637', '620', 'Sauce', NULL, 'Flora', '16', '3', '1'),
	('179', '17', '188', '638', NULL, NULL, NULL, 'Flora', '16', '3', '1'),
	('180', '17', '189', '639', NULL, NULL, NULL, 'Flora', '16', '3', '1'),
	('181', '17', '190', '640', '621', 'Huaranhuay', NULL, 'Flora', '16', '3', '1'),
	('182', '17', '190', '641', '622', 'Bejuco verde', NULL, 'Flora', '16', '3', '1'),
	('183', '17', '191', '642', NULL, NULL, NULL, 'Flora', '16', '3', '1'),
	('184', '17', '192', '643', '623', 'Manka p´aki', NULL, 'Flora', '16', '3', '1'),
	('185', '17', '192', '644', NULL, NULL, NULL, 'Flora', '16', '3', '1'),
	('186', '17', '192', '645', '624', 'Mesa Ñucchu', NULL, 'Flora', '16', '3', '1'),
	('187', '17', '192', '646', NULL, NULL, NULL, 'Flora', '16', '3', '1'),
	('188', '17', '192', '647', NULL, NULL, NULL, 'Flora', '16', '3', '1'),
	('189', '17', '192', '648', '625', 'Quiebra olla', NULL, 'Flora', '16', '3', '1'),
	('190', '17', '192', '649', '626', 'Ayaq zapatilla', NULL, 'Flora', '16', '3', '1'),
	('191', '17', '192', '650', '627', 'Ayac zapatilla', NULL, 'Flora', '16', '3', '1'),
	('192', '17', '192', '651', '628', 'Zapatitos', NULL, 'Flora', '16', '3', '1'),
	('193', '17', '192', '652', NULL, NULL, NULL, 'Flora', '16', '3', '1'),
	('194', '17', '193', '653', NULL, NULL, NULL, 'Flora', '16', '3', '1'),
	('195', '17', '194', '654', '629', 'Kantu', NULL, 'Flora', '16', '3', '1'),
	('196', '17', '194', '655', '630', 'Turu', NULL, 'Flora', '16', '3', '1'),
	('197', '17', '195', '656', NULL, NULL, NULL, 'Flora', '16', '3', '1'),
	('198', '17', '195', '657', '631', 'Chamico', NULL, 'Flora', '16', '3', '1'),
	('199', '17', '195', '658', NULL, NULL, NULL, 'Flora', '16', '3', '1'),
	('200', '17', '195', '659', '632', 'Karalawa', NULL, 'Flora', '16', '3', '1'),
	('201', '17', '195', '660', NULL, NULL, NULL, 'Flora', '16', '3', '1'),
	('202', '17', '195', '661', NULL, NULL, NULL, 'Flora', '16', '3', '1'),
	('203', '17', '195', '662', NULL, NULL, NULL, 'Flora', '16', '3', '1'),
	('204', '17', '195', '663', NULL, NULL, NULL, 'Flora', '16', '3', '1'),
	('205', '17', '195', '664', NULL, NULL, NULL, 'Flora', '16', '3', '1'),
	('206', '17', '195', '665', NULL, NULL, NULL, 'Flora', '16', '3', '1'),
	('207', '17', '195', '666', '633', 'Atokk papa, Machu papa, Alcko papa', NULL, 'Flora', '16', '3', '1'),
	('208', '17', '195', '667', NULL, NULL, NULL, 'Flora', '16', '3', '1'),
	('209', '17', '195', '668', '634', 'Fernandillo', NULL, 'Flora', '16', '3', '1'),
	('210', '17', '195', '669', '635', 'Arac pap, Atoc papa', NULL, 'Flora', '16', '3', '1'),
	('211', '17', '195', '670', '636', 'Gentil papa', NULL, 'Flora', '16', '3', '1'),
	('212', '17', '195', '671', '637', 'K´ita papa, Alkko papa', NULL, 'Flora', '16', '3', '1'),
	('213', '17', '195', '672', '638', 'Papa del Inca', NULL, 'Flora', '16', '3', '1'),
	('214', '17', '195', '673', NULL, NULL, NULL, 'Flora', '16', '3', '1'),
	('215', '17', '195', '674', '639', 'Jampatu papa, Arakk papa', NULL, 'Flora', '16', '3', '1'),
	('216', '17', '195', '675', '640', 'T´hankar', NULL, 'Flora', '16', '3', '1'),
	('217', '17', '196', '676', '641', 'Ortiga', NULL, 'Flora', '16', '3', '1'),
	('218', '17', '196', '677', NULL, NULL, NULL, 'Flora', '16', '3', '1'),
	('219', '17', '197', '678', NULL, NULL, NULL, 'Flora', '16', '3', '1'),
	('220', '17', '198', '679', '642', 'Kcoto kcoto', NULL, 'Flora', '16', '3', '1'),
	('221', '17', '198', '680', '643', 'Calabaza', NULL, 'Flora', '16', '3', '1'),
	('222', '17', '198', '681', NULL, NULL, NULL, 'Flora', '16', '3', '1'),
	('223', '17', '199', '682', '644', 'Orcco quisa', 'Nombre actual Caiophora horrida Urb. & Gilg', 'Flora', '16', '3', '1'),
	('224', '17', '200', '683', '645', 'Tin tin', NULL, 'Flora', '16', '3', '1'),
	('225', '17', '200', '684', '646', 'Tumbo', NULL, 'Flora', '16', '3', '1'),
	('226', '17', '200', '685', NULL, NULL, NULL, 'Flora', '16', '3', '1'),
	('227', '18', '201', '686', NULL, NULL, NULL, 'Flora', '16', '3', '1'),
	('228', '18', '202', '686', '621', 'Huaranhuay', NULL, 'Flora', '16', '3', '1'),
	('229', '18', '202', '687', NULL, NULL, NULL, 'Flora', '16', '3', '1'),
	('230', '18', '202', '688', NULL, NULL, NULL, 'Flora', '16', '3', '1'),
	('231', '18', '203', '689', '647', 'Ccora', NULL, 'Flora', '16', '3', '1'),
	('232', '18', '203', '690', NULL, NULL, NULL, 'Flora', '16', '3', '1'),
	('233', '18', '203', '691', NULL, NULL, NULL, 'Flora', '16', '3', '1'),
	('234', '18', '203', '692', NULL, NULL, NULL, 'Flora', '16', '3', '1'),
	('235', '18', '203', '693', NULL, NULL, NULL, 'Flora', '16', '3', '1'),
	('236', '18', '204', '694', '648', 'Paku paku', NULL, 'Flora', '16', '3', '1'),
	('237', '18', '204', '695', '649', 'Paja plumilla, añatuya', NULL, 'Flora', '16', '3', '1'),
	('238', '18', '204', '696', NULL, NULL, NULL, 'Flora', '16', '3', '1'),
	('239', '18', '204', '697', NULL, NULL, NULL, 'Flora', '16', '3', '1'),
	('240', '18', '204', '698', NULL, NULL, NULL, 'Flora', '16', '3', '1'),
	('241', '18', '204', '699', NULL, NULL, NULL, 'Flora', '16', '3', '1'),
	('242', '18', '204', '700', NULL, NULL, NULL, 'Flora', '16', '3', '1'),
	('243', '18', '204', '701', NULL, NULL, NULL, 'Flora', '16', '3', '1'),
	('244', '18', '204', '702', NULL, NULL, NULL, 'Flora', '16', '3', '1'),
	('245', '18', '204', '703', NULL, NULL, NULL, 'Flora', '16', '3', '1'),
	('246', '18', '204', '704', '650', 'Crespillo', NULL, 'Flora', '16', '3', '1'),
	('247', '18', '204', '705', NULL, NULL, NULL, 'Flora', '16', '3', '1'),
	('248', '18', '204', '706', NULL, NULL, NULL, 'Flora', '16', '3', '1'),
	('249', '18', '204', '707', NULL, NULL, NULL, 'Flora', '16', '3', '1'),
	('250', '18', '204', '708', NULL, NULL, NULL, 'Flora', '16', '3', '1'),
	('251', '18', '204', '709', '651', 'Cebada', NULL, 'Flora', '16', '3', '1'),
	('252', '18', '204', '710', NULL, NULL, NULL, 'Flora', '16', '3', '1'),
	('253', '18', '204', '711', NULL, NULL, NULL, 'Flora', '16', '3', '1'),
	('254', '18', '204', '712', NULL, NULL, NULL, 'Flora', '16', '3', '1'),
	('255', '18', '204', '713', NULL, NULL, NULL, 'Flora', '16', '3', '1'),
	('256', '18', '204', '714', NULL, NULL, NULL, 'Flora', '16', '3', '1'),
	('257', '18', '204', '715', NULL, NULL, NULL, 'Flora', '16', '3', '1'),
	('258', '18', '204', '716', NULL, NULL, NULL, 'Flora', '16', '3', '1'),
	('259', '18', '204', '717', NULL, NULL, NULL, 'Flora', '16', '3', '1'),
	('260', '18', '204', '718', NULL, NULL, NULL, 'Flora', '16', '3', '1'),
	('261', '18', '204', '719', NULL, NULL, NULL, 'Flora', '16', '3', '1'),
	('262', '18', '204', '720', NULL, NULL, NULL, 'Flora', '16', '3', '1'),
	('263', '18', '204', '721', NULL, NULL, NULL, 'Flora', '16', '3', '1'),
	('264', '18', '204', '722', NULL, NULL, NULL, 'Flora', '16', '3', '1'),
	('265', '18', '204', '723', NULL, NULL, NULL, 'Flora', '16', '3', '1'),
	('266', '18', '204', '724', '652', 'Trigo', NULL, 'Flora', '16', '3', '1'),
	('267', '18', '204', '725', '653', 'Maíz', NULL, 'Flora', '16', '3', '1'),
	('268', '18', '205', '726', NULL, NULL, NULL, 'Flora', '16', '3', '1'),
	('269', '18', '205', '727', NULL, NULL, NULL, 'Flora', '16', '3', '1'),
	('270', '18', '205', '728', NULL, NULL, NULL, 'Flora', '16', '3', '1'),
	('271', '18', '205', '729', NULL, NULL, NULL, 'Flora', '16', '3', '1'),
	('272', '18', '206', '730', '654', 'Waka sullu', NULL, 'Flora', '16', '3', '1'),
	('273', '18', '206', '731', '655', 'Ramos ramos, sullu sullu', NULL, 'Flora', '16', '3', '1'),
	('274', '18', '207', '732', '656', 'Pacpa', NULL, 'Flora', '16', '3', '1'),
	('275', '18', '208', '733', NULL, NULL, NULL, 'Flora', '16', '3', '1'),
	('276', '18', '208', '734', NULL, NULL, NULL, 'Flora', '16', '3', '1'),
	('277', '18', '208', '735', NULL, NULL, NULL, 'Flora', '16', '3', '1'),
	('278', '18', '209', '736', NULL, NULL, NULL, 'Flora', '16', '3', '1'),
	('279', '18', '210', '737', NULL, NULL, 'Ambos nombres específicos corresponden al género Mutisia de la familia Asteraceae.', 'Flora', '16', '3', '1'),
	('280', '18', '210', '738', NULL, NULL, NULL, 'Flora', '16', '3', '1'),
	('281', '13', '143', '461', NULL, NULL, NULL, 'Flora', '17', '4', '1'),
	('282', '13', '143', '462', NULL, NULL, NULL, 'Flora', '17', '4', '1'),
	('283', '14', '144', '463', NULL, NULL, NULL, 'Flora', '17', '4', '1'),
	('284', '14', '144', '464', NULL, NULL, NULL, 'Flora', '17', '4', '1'),
	('285', '15', '145', '465', '542', 'Pinco', NULL, 'Flora', '17', '4', '1'),
	('286', '16', '146', '466', '543', 'Intimpa', NULL, 'Flora', '17', '4', '1'),
	('287', '16', '147', '467', '544', 'Pino', NULL, 'Flora', '17', '4', '1'),
	('288', '17', '148', '468', NULL, NULL, 'Nombre de la especie no corresponde al género', 'Flora', '17', '4', '1'),
	('289', '17', '148', '469', '545', 'Kita perejil', NULL, 'Flora', '17', '4', '1'),
	('290', '17', '148', '470', '546', 'Yareta', NULL, 'Flora', '17', '4', '1'),
	('291', '17', '148', '471', '547', 'Cicuta', NULL, 'Flora', '17', '4', '1'),
	('292', '17', '148', '472', '548', 'Pampa zanahoria', NULL, 'Flora', '17', '4', '1'),
	('293', '17', '149', '473', '549', 'Wira', NULL, 'Flora', '17', '4', '1'),
	('294', '17', '149', '474', '550', 'Margaritas', NULL, 'Flora', '17', '4', '1'),
	('295', '17', '149', '475', NULL, NULL, NULL, 'Flora', '17', '4', '1'),
	('296', '17', '149', '476', '551', 'Manca paqui', NULL, 'Flora', '17', '4', '1'),
	('297', '17', '149', '477', '552', 'Markhu, Artemisa', NULL, 'Flora', '17', '4', '1'),
	('298', '17', '149', '478', '553', 'Vino', NULL, 'Flora', '17', '4', '1'),
	('299', '17', '149', '479', NULL, NULL, NULL, 'Flora', '17', '4', '1'),
	('300', '17', '149', '480', '554', 'Pacha toyanca', NULL, 'Flora', '17', '4', '1'),
	('301', '17', '149', '481', '555', 'Chilca, yula chilca', NULL, 'Flora', '17', '4', '1'),
	('302', '17', '149', '482', '556', 'Tayanca', NULL, 'Flora', '17', '4', '1'),
	('303', '17', '149', '483', '557', 'Chilca', NULL, 'Flora', '17', '4', '1'),
	('304', '17', '149', '484', '558', 'Ch´ini t´ola', NULL, 'Flora', '17', '4', '1'),
	('305', '17', '149', '485', NULL, NULL, NULL, 'Flora', '17', '4', '1'),
	('306', '17', '149', '486', '559', 'Lllaulli', NULL, 'Flora', '17', '4', '1'),
	('307', '17', '149', '487', NULL, NULL, NULL, 'Flora', '17', '4', '1'),
	('308', '17', '149', '488', '560', 'Pirka', NULL, 'Flora', '17', '4', '1'),
	('309', '17', '149', '489', '561', 'Ñuttu vino', NULL, 'Flora', '17', '4', '1'),
	('310', '17', '149', '490', NULL, NULL, NULL, 'Flora', '17', '4', '1'),
	('311', '17', '149', '491', NULL, NULL, NULL, 'Flora', '17', '4', '1'),
	('312', '17', '149', '492', '562', 'Keto keto', NULL, 'Flora', '17', '4', '1'),
	('313', '17', '149', '493', NULL, NULL, NULL, 'Flora', '17', '4', '1'),
	('314', '17', '149', '494', '563', 'Chiri chiri', NULL, 'Flora', '17', '4', '1'),
	('315', '17', '149', '495', NULL, NULL, NULL, 'Flora', '17', '4', '1'),
	('316', '17', '149', '496', '564', 'Tancar quiswar', NULL, 'Flora', '17', '4', '1'),
	('317', '17', '149', '497', NULL, NULL, NULL, 'Flora', '17', '4', '1'),
	('318', '17', '149', '498', NULL, NULL, NULL, 'Flora', '17', '4', '1'),
	('319', '17', '149', '499', NULL, NULL, NULL, 'Flora', '17', '4', '1'),
	('320', '17', '149', '500', NULL, NULL, NULL, 'Flora', '17', '4', '1'),
	('321', '17', '149', '501', NULL, NULL, NULL, 'Flora', '17', '4', '1'),
	('322', '17', '149', '502', '565', 'Chinchircoma', NULL, 'Flora', '17', '4', '1'),
	('323', '17', '149', '503', NULL, NULL, NULL, 'Flora', '17', '4', '1'),
	('324', '17', '149', '504', NULL, NULL, NULL, 'Flora', '17', '4', '1'),
	('325', '17', '149', '505', NULL, NULL, NULL, 'Flora', '17', '4', '1'),
	('326', '17', '149', '506', NULL, NULL, NULL, 'Flora', '17', '4', '1'),
	('327', '17', '149', '507', NULL, NULL, NULL, 'Flora', '17', '4', '1'),
	('328', '17', '149', '508', NULL, NULL, NULL, 'Flora', '17', '4', '1'),
	('329', '17', '149', '509', NULL, NULL, NULL, 'Flora', '17', '4', '1'),
	('330', '17', '149', '510', NULL, NULL, NULL, 'Flora', '17', '4', '1'),
	('331', '17', '149', '511', NULL, NULL, NULL, 'Flora', '17', '4', '1'),
	('332', '17', '149', '512', '566', 'Diente de león', NULL, 'Flora', '17', '4', '1'),
	('333', '17', '149', '513', NULL, NULL, NULL, 'Flora', '17', '4', '1'),
	('334', '17', '149', '514', '567', 'Chicchipa', NULL, 'Flora', '17', '4', '1'),
	('335', '17', '149', '515', NULL, NULL, NULL, 'Flora', '17', '4', '1'),
	('336', '17', '149', '516', NULL, NULL, NULL, 'Flora', '17', '4', '1'),
	('337', '17', '149', '517', '568', 'Achicoria', NULL, 'Flora', '17', '4', '1'),
	('338', '17', '149', '518', '569', 'Pampa anís', NULL, 'Flora', '17', '4', '1'),
	('339', '17', '149', '519', '570', 'Orcko k´aralawa', NULL, 'Flora', '17', '4', '1'),
	('340', '17', '149', '520', NULL, NULL, NULL, 'Flora', '17', '4', '1'),
	('341', '17', '150', '521', NULL, NULL, NULL, 'Flora', '17', '4', '1'),
	('342', '17', '150', '522', NULL, NULL, NULL, 'Flora', '17', '4', '1'),
	('343', '17', '150', '523', NULL, NULL, NULL, 'Flora', '17', '4', '1'),
	('344', '17', '151', '526', '571', 'Gallito - Huallpa huallpa', NULL, 'Flora', '17', '4', '1'),
	('345', '17', '151', '527', NULL, NULL, NULL, 'Flora', '17', '4', '1'),
	('346', '17', '151', '528', NULL, NULL, NULL, 'Flora', '17', '4', '1'),
	('347', '17', '151', '529', '572', 'Mashua', NULL, 'Flora', '17', '4', '1'),
	('348', '17', '152', '530', NULL, NULL, NULL, 'Flora', '17', '4', '1'),
	('349', '17', '153', '531', '573', 'Chawqa mayu', NULL, 'Flora', '17', '4', '1'),
	('350', '17', '150', '524', '574', 'Nabo, mostacilla', NULL, 'Flora', '17', '4', '1'),
	('351', '17', '150', '525', '575', 'Mostacilla', NULL, 'Flora', '17', '4', '1'),
	('352', '17', '154', '532', '576', 'Kiwicha', NULL, 'Flora', '17', '4', '1'),
	('353', '17', '154', '533', NULL, NULL, NULL, 'Flora', '17', '4', '1'),
	('354', '17', '154', '534', '577', 'Qañiwa', NULL, 'Flora', '17', '4', '1'),
	('355', '17', '154', '535', '578', 'Quinua', NULL, 'Flora', '17', '4', '1'),
	('356', '17', '155', '536', NULL, NULL, NULL, 'Flora', '17', '4', '1'),
	('357', '17', '156', '537', NULL, NULL, NULL, 'Flora', '17', '4', '1'),
	('358', '17', '156', '538', NULL, NULL, NULL, 'Flora', '17', '4', '1'),
	('359', '17', '156', '539', NULL, NULL, NULL, 'Flora', '17', '4', '1'),
	('360', '17', '156', '540', NULL, NULL, NULL, 'Flora', '17', '4', '1'),
	('361', '17', '156', '541', '579', 'Yuma uma', NULL, 'Flora', '17', '4', '1'),
	('362', '17', '156', '542', NULL, NULL, NULL, 'Flora', '17', '4', '1'),
	('363', '17', '156', '543', NULL, NULL, NULL, 'Flora', '17', '4', '1'),
	('364', '17', '157', '544', NULL, NULL, NULL, 'Flora', '17', '4', '1'),
	('365', '17', '157', '545', NULL, NULL, NULL, 'Flora', '17', '4', '1'),
	('366', '17', '157', '546', NULL, NULL, NULL, 'Flora', '17', '4', '1'),
	('367', '17', '157', '547', NULL, NULL, NULL, 'Flora', '17', '4', '1'),
	('368', '17', '157', '548', NULL, NULL, NULL, 'Flora', '17', '4', '1'),
	('369', '17', '157', '549', NULL, NULL, NULL, 'Flora', '17', '4', '1'),
	('370', '17', '158', '550', NULL, NULL, NULL, 'Flora', '17', '4', '1'),
	('371', '17', '159', '551', NULL, NULL, NULL, 'Flora', '17', '4', '1'),
	('372', '17', '160', '552', NULL, NULL, NULL, 'Flora', '17', '4', '1'),
	('373', '17', '161', '553', '580', 'P´ispita', NULL, 'Flora', '17', '4', '1'),
	('374', '17', '161', '554', '581', 'K´uru - k´uru', NULL, 'Flora', '17', '4', '1'),
	('375', '17', '161', '555', NULL, NULL, NULL, 'Flora', '17', '4', '1'),
	('376', '17', '162', '556', '582', 'Aliso', NULL, 'Flora', '17', '4', '1'),
	('377', '17', '163', '557', NULL, NULL, NULL, 'Flora', '17', '4', '1'),
	('378', '17', '163', '558', NULL, NULL, NULL, 'Flora', '17', '4', '1'),
	('379', '17', '163', '559', '583', 'Jusk´a', NULL, 'Flora', '17', '4', '1'),
	('380', '17', '163', '560', NULL, NULL, NULL, 'Flora', '17', '4', '1'),
	('381', '17', '163', '561', '584', 'Manayupa, runa manayupa', NULL, 'Flora', '17', '4', '1'),
	('382', '17', '163', '562', NULL, NULL, NULL, 'Flora', '17', '4', '1'),
	('383', '17', '163', '563', '585', 'Tarwi', NULL, 'Flora', '17', '4', '1'),
	('384', '17', '163', '564', '586', 'Sacha tarwi', NULL, 'Flora', '17', '4', '1'),
	('385', '17', '163', '565', NULL, NULL, NULL, 'Flora', '17', '4', '1'),
	('386', '17', '163', '566', NULL, NULL, NULL, 'Flora', '17', '4', '1'),
	('387', '17', '163', '567', '587', 'Alfalfa', NULL, 'Flora', '17', '4', '1'),
	('388', '17', '163', '568', NULL, NULL, NULL, 'Flora', '17', '4', '1'),
	('389', '17', '163', '569', '588', 'Arveja', NULL, 'Flora', '17', '4', '1'),
	('390', '17', '163', '570', '589', 'Frijol', NULL, 'Flora', '17', '4', '1'),
	('391', '17', '163', '571', NULL, NULL, NULL, 'Flora', '17', '4', '1'),
	('392', '17', '163', '572', '590', 'Mutuy', NULL, 'Flora', '17', '4', '1'),
	('393', '17', '163', '573', NULL, NULL, NULL, 'Flora', '17', '4', '1'),
	('394', '17', '163', '574', NULL, NULL, NULL, 'Flora', '17', '4', '1'),
	('395', '17', '163', '575', NULL, NULL, NULL, 'Flora', '17', '4', '1'),
	('396', '17', '163', '576', NULL, NULL, NULL, 'Flora', '17', '4', '1'),
	('397', '17', '164', '577', NULL, NULL, NULL, 'Flora', '17', '4', '1'),
	('398', '17', '165', '578', '591', 'P´enqa - p´enqa', NULL, 'Flora', '17', '4', '1'),
	('399', '17', '165', '579', NULL, NULL, NULL, 'Flora', '17', '4', '1'),
	('400', '17', '165', '580', NULL, NULL, NULL, 'Flora', '17', '4', '1'),
	('401', '17', '165', '581', NULL, NULL, NULL, 'Flora', '17', '4', '1'),
	('402', '17', '166', '582', '592', 'Tabaco silvestre', NULL, 'Flora', '17', '4', '1'),
	('403', '17', '166', '583', '593', 'C´olle', NULL, 'Flora', '17', '4', '1'),
	('404', '17', '167', '584', '594', 'Agujas de pastor', NULL, 'Flora', '17', '4', '1'),
	('405', '17', '167', '585', NULL, NULL, NULL, 'Flora', '17', '4', '1'),
	('406', '17', '167', '586', NULL, NULL, NULL, 'Flora', '17', '4', '1'),
	('407', '17', '167', '587', '595', 'Geranio', NULL, 'Flora', '17', '4', '1'),
	('408', '17', '168', '588', NULL, NULL, NULL, 'Flora', '17', '4', '1'),
	('409', '17', '169', '589', NULL, NULL, NULL, 'Flora', '17', '4', '1'),
	('410', '17', '169', '590', '596', 'Muña', NULL, 'Flora', '17', '4', '1'),
	('411', '17', '169', '591', NULL, NULL, NULL, 'Flora', '17', '4', '1'),
	('412', '17', '169', '592', '597', 'Ñucchu', NULL, 'Flora', '17', '4', '1'),
	('413', '17', '169', '593', '598', 'Cjuñuca', NULL, 'Flora', '17', '4', '1'),
	('414', '17', '170', '594', NULL, NULL, NULL, 'Flora', '17', '4', '1'),
	('415', '17', '170', '595', '599', 'Verbena', NULL, 'Flora', '17', '4', '1'),
	('416', '17', '171', '596', '600', 'Chamoa estrella', NULL, 'Flora', '17', '4', '1'),
	('417', '17', '171', '597', '601', 'Llantén', NULL, 'Flora', '17', '4', '1'),
	('418', '17', '172', '598', '602', 'Chuillur, Raque', NULL, 'Flora', '17', '4', '1'),
	('419', '17', '173', '599', NULL, NULL, NULL, 'Flora', '17', '4', '1'),
	('420', '17', '173', '600', NULL, NULL, NULL, 'Flora', '17', '4', '1'),
	('421', '17', '174', '601', '603', 'Laurel de Cera', NULL, 'Flora', '17', '4', '1'),
	('422', '17', '175', '602', '604', 'Eucalipto', NULL, 'Flora', '17', '4', '1'),
	('423', '17', '176', '603', '605', 'Fucsia', NULL, 'Flora', '17', '4', '1'),
	('424', '17', '176', '604', '606', 'Yawar chonq´a', NULL, 'Flora', '17', '4', '1'),
	('425', '17', '177', '605', NULL, NULL, NULL, 'Flora', '17', '4', '1'),
	('426', '17', '177', '606', NULL, NULL, NULL, 'Flora', '17', '4', '1'),
	('427', '17', '177', '607', '607', 'Ch´ullku', NULL, 'Flora', '17', '4', '1'),
	('428', '17', '177', '608', NULL, NULL, NULL, 'Flora', '17', '4', '1'),
	('429', '17', '177', '606', NULL, NULL, NULL, 'Flora', '17', '4', '1'),
	('430', '17', '177', '609', NULL, NULL, NULL, 'Flora', '17', '4', '1'),
	('431', '17', '177', '610', '608', 'Oca', NULL, 'Flora', '17', '4', '1'),
	('432', '17', '178', '611', NULL, NULL, NULL, 'Flora', '17', '4', '1'),
	('433', '17', '178', '612', NULL, NULL, NULL, 'Flora', '17', '4', '1'),
	('434', '17', NULL, '613', NULL, NULL, NULL, 'Flora', '17', '4', '1'),
	('435', '17', NULL, '739', NULL, NULL, NULL, 'Flora', '17', '4', '1'),
	('436', '17', '180', '615', '609', 'Mullaca', NULL, 'Flora', '17', '4', '1'),
	('437', '17', '180', '616', '610', 'Alfarito', NULL, 'Flora', '17', '4', '1'),
	('438', '17', '181', '617', NULL, NULL, NULL, 'Flora', '17', '4', '1'),
	('439', '17', '181', '618', NULL, NULL, NULL, 'Flora', '17', '4', '1'),
	('440', '17', '182', '619', NULL, NULL, NULL, 'Flora', '17', '4', '1'),
	('441', '17', '182', '620', '611', 'Botón de oro', NULL, 'Flora', '17', '4', '1'),
	('442', '17', '182', '621', NULL, NULL, NULL, 'Flora', '17', '4', '1'),
	('443', '17', '183', '622', '612', 'Roque', NULL, 'Flora', '17', '4', '1'),
	('444', '17', '184', '623', NULL, NULL, NULL, 'Flora', '17', '4', '1'),
	('445', '17', '184', '624', '613', 'Libru libru', NULL, 'Flora', '17', '4', '1'),
	('446', '17', '184', '625', '614', 'Sillu sillu', NULL, 'Flora', '17', '4', '1'),
	('447', '17', '184', '626', '615', 'Lloq´e', NULL, 'Flora', '17', '4', '1'),
	('448', '17', '184', '627', NULL, NULL, NULL, 'Flora', '17', '4', '1'),
	('449', '17', '184', '628', NULL, NULL, NULL, 'Flora', '17', '4', '1'),
	('450', '17', '184', '629', '616', 'Q´ueuña', NULL, 'Flora', '17', '4', '1'),
	('451', '17', '184', '630', NULL, NULL, NULL, 'Flora', '17', '4', '1'),
	('452', '17', '185', '631', '617', 'Cipresillo', NULL, 'Flora', '17', '4', '1'),
	('453', '17', '185', '632', '557', 'Chilca', NULL, 'Flora', '17', '4', '1'),
	('454', '17', '185', '633', '618', 'Pauco', NULL, 'Flora', '17', '4', '1'),
	('455', '17', '185', '634', '619', 'Chachacomo', NULL, 'Flora', '17', '4', '1'),
	('456', '17', '186', '635', NULL, NULL, NULL, 'Flora', '17', '4', '1'),
	('457', '17', '186', '636', NULL, NULL, NULL, 'Flora', '17', '4', '1'),
	('458', '17', '187', '637', '620', 'Sauce', NULL, 'Flora', '17', '4', '1'),
	('459', '17', '188', '638', NULL, NULL, NULL, 'Flora', '17', '4', '1'),
	('460', '17', '189', '639', NULL, NULL, NULL, 'Flora', '17', '4', '1'),
	('461', '17', '190', '640', '621', 'Huaranhuay', NULL, 'Flora', '17', '4', '1'),
	('462', '17', '190', '641', '622', 'Bejuco verde', NULL, 'Flora', '17', '4', '1'),
	('463', '17', '191', '642', NULL, NULL, NULL, 'Flora', '17', '4', '1'),
	('464', '17', '192', '643', '623', 'Manka p´aki', NULL, 'Flora', '17', '4', '1'),
	('465', '17', '192', '644', NULL, NULL, NULL, 'Flora', '17', '4', '1'),
	('466', '17', '192', '645', '624', 'Mesa Ñucchu', NULL, 'Flora', '17', '4', '1'),
	('467', '17', '192', '646', NULL, NULL, NULL, 'Flora', '17', '4', '1'),
	('468', '17', '192', '647', NULL, NULL, NULL, 'Flora', '17', '4', '1'),
	('469', '17', '192', '648', '625', 'Quiebra olla', NULL, 'Flora', '17', '4', '1'),
	('470', '17', '192', '649', '626', 'Ayaq zapatilla', NULL, 'Flora', '17', '4', '1'),
	('471', '17', '192', '650', '627', 'Ayac zapatilla', NULL, 'Flora', '17', '4', '1'),
	('472', '17', '192', '651', '628', 'Zapatitos', NULL, 'Flora', '17', '4', '1'),
	('473', '17', '192', '652', NULL, NULL, NULL, 'Flora', '17', '4', '1'),
	('474', '17', '193', '653', NULL, NULL, NULL, 'Flora', '17', '4', '1'),
	('475', '17', '194', '654', '629', 'Kantu', NULL, 'Flora', '17', '4', '1'),
	('476', '17', '194', '655', '630', 'Turu', NULL, 'Flora', '17', '4', '1'),
	('477', '17', '195', '656', NULL, NULL, NULL, 'Flora', '17', '4', '1'),
	('478', '17', '195', '657', '631', 'Chamico', NULL, 'Flora', '17', '4', '1'),
	('479', '17', '195', '658', NULL, NULL, NULL, 'Flora', '17', '4', '1'),
	('480', '17', '195', '659', '632', 'Karalawa', NULL, 'Flora', '17', '4', '1'),
	('481', '17', '195', '660', NULL, NULL, NULL, 'Flora', '17', '4', '1'),
	('482', '17', '195', '661', NULL, NULL, NULL, 'Flora', '17', '4', '1'),
	('483', '17', '195', '662', NULL, NULL, NULL, 'Flora', '17', '4', '1'),
	('484', '17', '195', '663', NULL, NULL, NULL, 'Flora', '17', '4', '1'),
	('485', '17', '195', '664', NULL, NULL, NULL, 'Flora', '17', '4', '1'),
	('486', '17', '195', '665', NULL, NULL, NULL, 'Flora', '17', '4', '1'),
	('487', '17', '195', '666', '633', 'Atokk papa, Machu papa, Alcko papa', NULL, 'Flora', '17', '4', '1'),
	('488', '17', '195', '667', NULL, NULL, NULL, 'Flora', '17', '4', '1'),
	('489', '17', '195', '668', '634', 'Fernandillo', NULL, 'Flora', '17', '4', '1'),
	('490', '17', '195', '669', '635', 'Arac pap, Atoc papa', NULL, 'Flora', '17', '4', '1'),
	('491', '17', '195', '670', '636', 'Gentil papa', NULL, 'Flora', '17', '4', '1'),
	('492', '17', '195', '671', '637', 'K´ita papa, Alkko papa', NULL, 'Flora', '17', '4', '1'),
	('493', '17', '195', '672', '638', 'Papa del Inca', NULL, 'Flora', '17', '4', '1'),
	('494', '17', '195', '673', NULL, NULL, NULL, 'Flora', '17', '4', '1'),
	('495', '17', '195', '674', '639', 'Jampatu papa, Arakk papa', NULL, 'Flora', '17', '4', '1'),
	('496', '17', '195', '675', '640', 'T´hankar', NULL, 'Flora', '17', '4', '1'),
	('497', '17', '196', '676', '641', 'Ortiga', NULL, 'Flora', '17', '4', '1'),
	('498', '17', '196', '677', NULL, NULL, NULL, 'Flora', '17', '4', '1'),
	('499', '17', '197', '678', NULL, NULL, NULL, 'Flora', '17', '4', '1'),
	('500', '17', '198', '679', '642', 'Kcoto kcoto', NULL, 'Flora', '17', '4', '1'),
	('501', '17', '198', '680', '643', 'Calabaza', NULL, 'Flora', '17', '4', '1'),
	('502', '17', '198', '681', NULL, NULL, NULL, 'Flora', '17', '4', '1'),
	('503', '17', '199', '682', '644', 'Orcco quisa', 'Nombre actual Caiophora horrida Urb. & Gilg', 'Flora', '17', '4', '1'),
	('504', '17', '200', '683', '645', 'Tin tin', NULL, 'Flora', '17', '4', '1'),
	('505', '17', '200', '684', '646', 'Tumbo', NULL, 'Flora', '17', '4', '1'),
	('506', '17', '200', '685', NULL, NULL, NULL, 'Flora', '17', '4', '1'),
	('507', '18', '201', '686', NULL, NULL, NULL, 'Flora', '17', '4', '1'),
	('508', '18', '202', '686', '621', 'Huaranhuay', NULL, 'Flora', '17', '4', '1'),
	('509', '18', '202', '687', NULL, NULL, NULL, 'Flora', '17', '4', '1'),
	('510', '18', '202', '688', NULL, NULL, NULL, 'Flora', '17', '4', '1'),
	('511', '18', '203', '689', '647', 'Ccora', NULL, 'Flora', '17', '4', '1'),
	('512', '18', '203', '690', NULL, NULL, NULL, 'Flora', '17', '4', '1'),
	('513', '18', '203', '691', NULL, NULL, NULL, 'Flora', '17', '4', '1'),
	('514', '18', '203', '692', NULL, NULL, NULL, 'Flora', '17', '4', '1'),
	('515', '18', '203', '693', NULL, NULL, NULL, 'Flora', '17', '4', '1'),
	('516', '18', '204', '694', '648', 'Paku paku', NULL, 'Flora', '17', '4', '1'),
	('517', '18', '204', '695', '649', 'Paja plumilla, añatuya', NULL, 'Flora', '17', '4', '1'),
	('518', '18', '204', '696', NULL, NULL, NULL, 'Flora', '17', '4', '1'),
	('519', '18', '204', '697', NULL, NULL, NULL, 'Flora', '17', '4', '1'),
	('520', '18', '204', '698', NULL, NULL, NULL, 'Flora', '17', '4', '1'),
	('521', '18', '204', '699', NULL, NULL, NULL, 'Flora', '17', '4', '1'),
	('522', '18', '204', '700', NULL, NULL, NULL, 'Flora', '17', '4', '1'),
	('523', '18', '204', '701', NULL, NULL, NULL, 'Flora', '17', '4', '1'),
	('524', '18', '204', '702', NULL, NULL, NULL, 'Flora', '17', '4', '1'),
	('525', '18', '204', '703', NULL, NULL, NULL, 'Flora', '17', '4', '1'),
	('526', '18', '204', '704', '650', 'Crespillo', NULL, 'Flora', '17', '4', '1'),
	('527', '18', '204', '705', NULL, NULL, NULL, 'Flora', '17', '4', '1'),
	('528', '18', '204', '706', NULL, NULL, NULL, 'Flora', '17', '4', '1'),
	('529', '18', '204', '707', NULL, NULL, NULL, 'Flora', '17', '4', '1'),
	('530', '18', '204', '708', NULL, NULL, NULL, 'Flora', '17', '4', '1'),
	('531', '18', '204', '709', '651', 'Cebada', NULL, 'Flora', '17', '4', '1'),
	('532', '18', '204', '710', NULL, NULL, NULL, 'Flora', '17', '4', '1'),
	('533', '18', '204', '711', NULL, NULL, NULL, 'Flora', '17', '4', '1'),
	('534', '18', '204', '712', NULL, NULL, NULL, 'Flora', '17', '4', '1'),
	('535', '18', '204', '713', NULL, NULL, NULL, 'Flora', '17', '4', '1'),
	('536', '18', '204', '714', NULL, NULL, NULL, 'Flora', '17', '4', '1'),
	('537', '18', '204', '715', NULL, NULL, NULL, 'Flora', '17', '4', '1'),
	('538', '18', '204', '716', NULL, NULL, NULL, 'Flora', '17', '4', '1'),
	('539', '18', '204', '717', NULL, NULL, NULL, 'Flora', '17', '4', '1'),
	('540', '18', '204', '718', NULL, NULL, NULL, 'Flora', '17', '4', '1'),
	('541', '18', '204', '719', NULL, NULL, NULL, 'Flora', '17', '4', '1'),
	('542', '18', '204', '720', NULL, NULL, NULL, 'Flora', '17', '4', '1'),
	('543', '18', '204', '721', NULL, NULL, NULL, 'Flora', '17', '4', '1'),
	('544', '18', '204', '722', NULL, NULL, NULL, 'Flora', '17', '4', '1'),
	('545', '18', '204', '723', NULL, NULL, NULL, 'Flora', '17', '4', '1'),
	('546', '18', '204', '724', '652', 'Trigo', NULL, 'Flora', '17', '4', '1'),
	('547', '18', '204', '725', '653', 'Maíz', NULL, 'Flora', '17', '4', '1'),
	('548', '18', '205', '726', NULL, NULL, NULL, 'Flora', '17', '4', '1'),
	('549', '18', '205', '727', NULL, NULL, NULL, 'Flora', '17', '4', '1'),
	('550', '18', '205', '728', NULL, NULL, NULL, 'Flora', '17', '4', '1'),
	('551', '18', '205', '729', NULL, NULL, NULL, 'Flora', '17', '4', '1'),
	('552', '18', '206', '730', '654', 'Waka sullu', NULL, 'Flora', '17', '4', '1'),
	('553', '18', '206', '731', '655', 'Ramos ramos, sullu sullu', NULL, 'Flora', '17', '4', '1'),
	('554', '18', '207', '732', '656', 'Pacpa', NULL, 'Flora', '17', '4', '1'),
	('555', '18', '208', '733', NULL, NULL, NULL, 'Flora', '17', '4', '1'),
	('556', '18', '208', '734', NULL, NULL, NULL, 'Flora', '17', '4', '1'),
	('557', '18', '208', '735', NULL, NULL, NULL, 'Flora', '17', '4', '1'),
	('558', '18', '209', '736', NULL, NULL, NULL, 'Flora', '17', '4', '1'),
	('559', '18', '210', '740', NULL, NULL, 'Ambos nombres específicos corresponden al género Mutisia de la familia Asteraceae', 'Flora', '17', '4', '1'),
	('560', '18', '210', '738', NULL, NULL, NULL, 'Flora', '17', '4', '1'),
	('561', '18', '204', '695', '657', 'Paja plumilla', NULL, 'Flora', NULL, '6', '1'),
	('562', '18', '204', '741', NULL, 'Paqo paqo', NULL, 'Flora', NULL, '6', '1'),
	('563', '18', '204', '742', '658', 'Cebadilla', NULL, 'Flora', NULL, '6', '1'),
	('564', '18', '204', '743', '650', 'Crespillo', NULL, 'Flora', NULL, '6', '1'),
	('565', '18', '204', '744', NULL, 'Huaylla ichu', NULL, 'Flora', NULL, '6', '1'),
	('566', '18', '204', '745', NULL, 'Huk\'uchac chupa', NULL, 'Flora', NULL, '6', '1'),
	('567', '18', '204', '707', NULL, 'Iru ichu', NULL, 'Flora', NULL, '6', '1'),
	('568', '18', '204', '715', '659', 'Kikuyo', NULL, 'Flora', NULL, '6', '1'),
	('569', '18', '204', '717', NULL, 'Atoq niwa', NULL, 'Flora', NULL, '6', '1'),
	('570', '18', '204', '746', NULL, 'Pasto plumilla', NULL, 'Flora', NULL, '6', '1'),
	('571', '18', '204', '747', NULL, 'Grama', NULL, 'Flora', NULL, '6', '1'),
	('572', '18', '204', '748', NULL, 'Llamp\'u ichu - tisña', NULL, 'Flora', NULL, '6', '1'),
	('573', '18', '204', '722', '660', 'Haylla ichu', NULL, 'Flora', NULL, '6', '1'),
	('574', '18', '204', '749', NULL, 'Fundillo', NULL, 'Flora', NULL, '6', '1'),
	('575', '17', '171', '750', NULL, 'Taruca ninri', NULL, 'Flora', NULL, '6', '1'),
	('576', '17', '171', '751', NULL, 'Llanten', NULL, 'Flora', NULL, '6', '1'),
	('577', '17', '163', '752', NULL, 'Huska, garbancillo', NULL, 'Flora', NULL, '6', '1'),
	('578', '17', '163', '753', NULL, 'Rata rata', NULL, 'Flora', NULL, '6', '1'),
	('579', '17', '163', '754', NULL, 'Trebol carretilla', NULL, 'Flora', NULL, '6', '1'),
	('580', '17', '163', '573', NULL, 'Chicmo', NULL, 'Flora', NULL, '6', '1'),
	('581', '17', '184', '625', NULL, 'Occe pasto', NULL, 'Flora', NULL, '6', '1'),
	('582', '17', '167', '586', NULL, 'Oq\'otilla', NULL, 'Flora', NULL, '6', '1'),
	('583', '17', '184', '627', NULL, 'Kanlli', NULL, 'Flora', NULL, '6', '1'),
	('584', '17', '149', '755', NULL, 'Pilli pillu', NULL, 'Flora', NULL, '6', '1'),
	('585', '17', '149', '756', NULL, 'Lengua de vaca', NULL, 'Flora', NULL, '6', '1'),
	('586', '18', '211', '732', '661', 'Maguey', NULL, 'Flora', NULL, '6', '1'),
	('587', '17', '212', '549', '662', 'Molle', NULL, 'Flora', NULL, '6', '1'),
	('588', '18', '204', '757', '663', 'Carrizo', NULL, 'Flora', NULL, '6', '1'),
	('589', '17', '188', '758', NULL, 'Chamana', NULL, 'Flora', NULL, '6', '1'),
	('590', '17', '163', '759', '664', 'Retama', NULL, 'Flora', NULL, '6', '1'),
	('591', '17', '156', '760', '665', 'Tuna', NULL, 'Flora', NULL, '6', '1'),
	('592', '17', '190', '640', NULL, 'Huaranguay', NULL, 'Flora', NULL, '6', '1'),
	('593', '17', '178', '761', '666', 'Matico', NULL, 'Flora', NULL, '6', '1'),
	('594', '18', '211', '762', NULL, 'Cabuya', NULL, 'Flora', NULL, '6', '1'),
	('595', '17', '162', '763', '582', 'Aliso', NULL, 'Flora', NULL, '6', '1'),
	('596', '17', '149', '764', NULL, 'Llaulli', NULL, 'Flora', NULL, '6', '1'),
	('597', '17', '185', '634', NULL, 'Chachacomo', NULL, 'Flora', NULL, '6', '1'),
	('598', '17', '163', '765', '667', 'Tara', NULL, 'Flora', NULL, '6', '1'),
	('599', '17', '163', '766', NULL, 'Pisonay', NULL, 'Flora', NULL, '6', '1'),
	('600', '17', '175', '767', NULL, 'Unca', NULL, 'Flora', NULL, '6', '1'),
	('601', '17', '213', '768', '668', 'Sauco', NULL, 'Flora', NULL, '6', '1'),
	('602', '17', '195', '769', '669', 'Capulí', NULL, 'Flora', NULL, '6', '1'),
	('603', NULL, NULL, NULL, NULL, 'Kiswar', NULL, 'Flora', NULL, '6', '1'),
	('604', '17', '163', '759', '664', 'Retama', NULL, 'Flora', NULL, '6', '1'),
	('605', NULL, NULL, NULL, NULL, 'Kantu', NULL, 'Flora', NULL, '6', '1'),
	('606', NULL, NULL, NULL, NULL, 'Mullaka', NULL, 'Flora', NULL, '6', '1'),
	('607', NULL, NULL, NULL, NULL, 'Marmaquilla', NULL, 'Flora', NULL, '6', '1'),
	('608', NULL, NULL, NULL, NULL, 'Huacatay', NULL, 'Flora', NULL, '6', '1'),
	('609', NULL, NULL, NULL, NULL, 'Malva', NULL, 'Flora', NULL, '6', '1'),
	('610', '17', '185', '770', NULL, 'Tasta', NULL, 'Flora', NULL, '6', '1'),
	('611', '17', '184', '630', NULL, 'Qeñua', NULL, 'Flora', NULL, '6', '1'),
	('612', '17', '214', '771', NULL, 'Huamanccero', NULL, 'Flora', NULL, '6', '1'),
	('613', '17', '215', '772', NULL, 'Chuyllor', NULL, 'Flora', NULL, '6', '1'),
	('614', '17', '184', '773', NULL, 'Pisccay', NULL, 'Flora', NULL, '6', '1'),
	('615', NULL, NULL, NULL, '670', 'Siraca', NULL, 'Flora', NULL, '6', '1'),
	('616', NULL, NULL, NULL, NULL, 'Tayanco', NULL, 'Flora', NULL, '6', '1'),
	('617', '17', '149', '481', NULL, 'Chillka', NULL, 'Flora', NULL, '6', '1'),
	('618', NULL, NULL, NULL, NULL, 'Huamantercca', NULL, 'Flora', NULL, '6', '1'),
	('619', NULL, NULL, NULL, NULL, 'Ñuñu puncu', NULL, 'Flora', NULL, '6', '1'),
	('620', NULL, NULL, NULL, NULL, 'Ticllay huarmi', NULL, 'Flora', NULL, '6', '1');